,borough,neighborhood,longitude,latitude,population,PC1,PC2,PC3,PC4,PC5,cluster
0,Bronx,Wakefield,-73.84720052054902,40.89470517661,21242.0,-0.3508186445814046,0.7099961857978953,-0.26430702156269564,-0.3818108343188673,0.44603125379032454,0
1,Bronx,Co-op City,-73.82993910812398,40.87429419303012,43752.0,-0.5639310289142907,0.42702553658784737,-0.11831153349938486,0.027583679596644074,0.33949275183180483,0
2,Bronx,Eastchester,-73.82780644716412,40.887555677350775,11506.0,-0.5876614889048775,0.32532461799333984,-0.08441412956717499,-0.23715928854473559,0.23575745612556542,0
3,Bronx,Fieldston,-73.90564259591682,40.89543742690383,9287.0,-0.5823377224391548,-0.30751240895039944,0.18017072207568696,-0.1517164606468143,-0.2513136536344227,0
4,Bronx,Riverdale,-73.9125854610857,40.890834493891305,9287.0,-0.5607934377831532,-0.13734036816883838,0.41040008259185723,0.04367057223581058,-0.37135336021552556,0
5,Bronx,Kingsbridge,-73.90281798724604,40.88168737120521,15080.0,0.4195720316235605,0.31128851737849844,0.3488145501644046,0.01376254299073041,-1.0542708790530118,-1
6,Manhattan,Marble Hill,-73.91065965862981,40.87655077879964,23373.0,0.4072448737758711,0.729962167893389,-0.12505524513773172,0.18347299574984416,-1.231035219459191,-1
7,Bronx,Woodlawn,-73.86731496814176,40.89827261213805,21242.0,-0.4113530731621215,-0.0005735189402775898,0.2719866706948297,-0.3041575759756875,-0.43975806356550445,0
8,Bronx,Norwood,-73.8793907395681,40.87722415599446,40494.0,-0.00399273331831062,0.8184393245280276,-0.1973035436709372,0.2396421126332719,-0.6935930721167443,1
9,Bronx,Williamsbridge,-73.85744642974207,40.88103887819211,30660.0,-0.1852422563817428,1.117196888341552,-0.3719527220669474,-0.08607712064630128,0.4728180761206998,-1
10,Bronx,Baychester,-73.83579759808117,40.866858107252696,11506.0,-0.44739994890418283,0.6623167014430784,0.12733704105438737,0.10489527140304995,0.32570816453064644,0
11,Bronx,Pelham Parkway,-73.85475564017999,40.85741349808865,30073.0,-0.17321034471097554,0.5818759175510941,0.699712648663497,0.3241217795226437,-0.26368074931548696,0
12,Bronx,City Island,-73.78648845267413,40.84724670491813,8861.0,-0.9863859016696982,-0.5755506430210526,-0.18625438381958812,-0.13662645308535298,-0.3791258817803042,0
13,Bronx,Bedford Park,-73.8855121841913,40.870185164975325,32649.0,0.363681409013939,0.7595512721812351,-0.1447843900126081,0.2861649196462132,-0.6558345487260722,1
14,Bronx,University Heights,-73.9104159619131,40.85572707719664,27094.0,0.5332508277656569,1.0919717029401952,-0.6519380392556575,0.44655466017387174,-0.5177294659046641,1
15,Bronx,Morris Heights,-73.91967159119565,40.84789792606271,27094.0,0.4280966465773618,0.9287727424286327,-0.6975844926186301,0.16116815780260058,-0.41012429130806727,1
16,Bronx,Fordham,-73.89642655981623,40.86099679638654,50028.0,1.0588501758287197,0.647167399836963,-0.09653529296329198,0.495188104851331,-0.5067162838280446,-1
17,Bronx,East Tremont,-73.88735617532338,40.84269615786053,43423.0,0.025247980120545525,1.1481584414274244,-0.49648495326936476,0.08909877237874679,-0.17445389274731132,1
18,Bronx,West Farms,-73.87774474910545,40.83947505672653,17506.0,0.23810740264577307,1.0538483156137948,-0.42254635785715305,0.29968446068430976,-0.4839352795518812,1
19,Bronx,High  Bridge,-73.9261020935813,40.836623010706056,37727.0,0.6865351171763053,1.068173947937826,-0.6528237877246494,0.3998170848362669,-0.6979938868077668,1
20,Bronx,Melrose,-73.90942160757436,40.819754370594936,38540.0,0.2581063436168159,0.8958960717525997,-0.6475136261036093,0.37399058518396516,-0.5352947625696959,1
21,Bronx,Mott Haven,-73.91609987487575,40.80623874935177,67827.0,0.3715708207646612,0.5678691445652688,-0.1649468239583685,-0.09496518954531377,-0.06445356925143671,2
22,Bronx,Port Morris,-73.91322139386135,40.801663627756206,4193.0,-0.4131797356835435,0.4174137788963033,-0.12822484045750032,-0.3590853768010862,-0.28301889747793985,0
23,Bronx,Longwood,-73.8957882009446,40.81509904545822,26196.0,-0.04785829771362803,0.7527314614167181,-0.32663286612349884,0.20452115202178395,-0.6279185009574755,1
24,Bronx,Hunts Point,-73.88331505955291,40.80972987938709,27204.0,-0.9827684239122897,-0.32417865836517257,-0.5940898726883382,0.049118602311777684,-0.24037958453499209,0
25,Bronx,Morrisania,-73.90150648943059,40.82359198585534,18932.0,0.3681831670016599,1.2685351012786688,-0.6767069810420643,0.28431366920797574,-0.5128812745555353,1
26,Bronx,Soundview,-73.86574609554924,40.821012197914015,35784.0,-0.2935365288623707,1.1329563580483628,-0.12629542824714624,-0.5067918497925898,0.661906373809587,0
27,Bronx,Clason Point,-73.85414416189266,40.80655112003589,5988.0,-1.1909481439518261,-0.6309878142198015,-0.7284238676203825,-0.09097875313445915,0.18439573970931505,0
28,Bronx,Throgs Neck,-73.81635002158441,40.81510925804005,14722.0,-1.1528255253136725,-0.5784391528625124,-0.348557491210459,0.07812272232631232,-0.13688083314148547,0
29,Bronx,Country Club,-73.8240992675385,40.844245936947374,8861.0,-0.7069147217330235,-0.04627264220648031,0.25413546251580343,0.1327012903014122,-0.352064990812131,0
30,Bronx,Parkchester,-73.85600310535783,40.837937822267286,29821.0,0.40055109920872667,1.0451683016282647,-0.2623897420599119,0.36273272646862226,-0.6917092821956833,1
31,Bronx,Westchester Square,-73.84219407604444,40.8406194964327,9750.0,0.00803215716421511,0.6363022232065211,0.26828592158472764,0.22455983040474967,-0.6635419777866972,0
32,Bronx,Van Nest,-73.8662991807561,40.84360847124718,9750.0,0.14911199452136348,0.6090535964371065,-0.08230279760648607,0.29883557701812324,-0.7354250669380821,1
33,Bronx,Morris Park,-73.85040178030421,40.847549063536334,9750.0,-0.16737103147821697,0.3389705573491687,0.5608478942475759,0.38440998557379563,-0.3235769034937821,0
34,Bronx,Belmont,-73.88845196134804,40.85727710073895,27378.0,0.760616799924241,-0.07876016749848436,-0.23611040524367602,0.334817483838081,-0.18009452207991072,-1
35,Bronx,Spuyten Duyvil,-73.91719048210393,40.88139497727086,15080.0,-0.23008068388502226,-0.005161321019689319,0.4586240358386907,-0.2196361980677941,-0.2756039222624432,0
36,Bronx,North Riverdale,-73.90453054908927,40.90854282950666,9287.0,-0.7678298340451299,-0.16245932754008796,0.015856399614161677,-0.11002322399199506,-0.33895582222725246,0
37,Bronx,Pelham Bay,-73.8320737824047,40.85064140940335,8861.0,-0.540115638809465,-0.015756191193797463,0.20638795359260756,0.12574508105032778,-0.2892915677295489,0
38,Bronx,Schuylerville,-73.82620275994073,40.82657951686922,14722.0,-0.6308503154771031,0.19443560793123194,0.30058562860447696,0.0016070418828430955,-0.546888849036992,0
39,Bronx,Edgewater Park,-73.81388514428619,40.82198611816349,14722.0,-0.8514860460990357,-0.094922033919062,0.17599320814384892,-0.02957400661054059,-0.36299837236039123,0
40,Bronx,Castle Hill,-73.84802729582735,40.81901437698832,22454.0,-0.6867705734521476,0.4528492287184965,-0.22085294642202938,-0.43622349907034685,0.24611059409311284,0
41,Bronx,Olinville,-73.86332361652777,40.87137078192371,30660.0,-0.2078070316297446,1.1992796693159886,-0.29002542227488143,-0.11505123051457032,0.26040086466290074,-1
42,Bronx,Pelham Gardens,-73.84161194831223,40.86296562477998,21242.0,-0.7308828712104986,0.28812500403641145,-0.3829577972487525,-0.017980426883444,0.4842061908078129,0
43,Bronx,Concourse,-73.91558941773444,40.83428380733851,70424.0,0.5838622089680124,1.3827214876209564,-0.6189708134488257,0.3402957392405661,-0.4061470783038021,1
44,Bronx,Unionport,-73.85053524451935,40.82977429787161,27248.0,0.23092709056774202,1.112825496480182,-0.054301624784223346,0.15998651884416815,-0.6119776313244252,1
45,Bronx,Edenwald,-73.84808271877168,40.88456130303732,11506.0,-0.25715838997259816,0.820319273071483,-0.28796679549084775,-0.5317787863500057,0.5502319992987291,0
46,Brooklyn,Bay Ridge,-74.03062069353813,40.625801065010656,79371.0,0.5912142380882366,-0.19017580106885862,0.6071656540452989,-0.1135654940025248,-0.2009538955376733,5
47,Brooklyn,Bensonhurst,-73.99517998380729,40.61100890202044,151705.0,0.45038843768797976,-0.07244448877381379,0.601082411019232,1.410349322585218,0.38948531320646473,-1
48,Brooklyn,Sunset Park,-74.01031618527784,40.64510294925429,126381.0,0.7458086225076698,0.4750518811453017,-0.21514593609107172,0.5142613442905314,0.42139505606909716,-1
49,Brooklyn,Greenpoint,-73.95424093127393,40.7302009848647,34719.0,0.6665341479810564,-0.6854025144338283,-0.22014540904941915,-0.4782761649868194,0.13616011096883218,-1
50,Brooklyn,Gravesend,-73.97347087708445,40.59526001306593,29436.0,-0.3559651445471211,0.20702474930218934,0.8761765917759619,0.42060573498813575,-0.08044589126856311,0
51,Brooklyn,Brighton Beach,-73.96509448785336,40.57682506566604,35547.0,0.14544245797935162,0.1518140456897288,1.1011607213298282,0.10637921059861367,0.07653425547373738,0
52,Brooklyn,Sheepshead Bay,-73.94318640482979,40.58689012678384,21506.0,0.16923801231755534,-0.05401545573946639,0.8905149805246765,0.14790480745129617,-0.06609341083641661,0
53,Brooklyn,Manhattan Terrace,-73.95743840559939,40.61443251335098,45000.0,0.28649183156012964,0.15929102424296657,1.382339243921587,0.7295312180848391,-0.19805168890988337,-1
54,Brooklyn,Flatbush,-73.95840106533903,40.63632589026677,105804.0,0.49776358997416936,0.3937351519692185,-0.013890882812492147,-0.09549263433409305,-0.08540187860519095,2
55,Brooklyn,Crown Heights,-73.94329119073582,40.67082917695294,142839.0,1.0061507020713225,1.014706623198994,0.06016108247870352,-0.2636933289130354,0.32478660847752167,-1
56,Brooklyn,East Flatbush,-73.93610256185836,40.64171776668961,42483.0,-0.00044711259362545716,0.6371969911009774,-0.26171065308641817,-0.34333204655605276,0.8279768861809754,0
57,Brooklyn,Kensington,-73.98042110559474,40.642381958003526,18446.0,0.28586827885250043,0.1750033851741816,0.7010250963431838,0.4191004164948955,-0.21357638465473533,0
58,Brooklyn,Windsor Terrace,-73.98007340430172,40.65694583575104,20988.0,0.25658402880596615,-0.6006650204085802,1.0018487385651043,-0.8437712374881597,-0.24865586553108765,-1
59,Brooklyn,Prospect Heights,-73.9648592426269,40.67682226225472,19849.0,1.2550220032228516,-0.0792124573390606,0.015089344458471644,-0.42689030304959086,0.07418192827419014,3
60,Brooklyn,Brownsville,-73.91023536176607,40.66394994339755,58300.0,0.12286107335774328,1.512070916552906,-0.4860740203542025,-0.2851897949781237,1.2112802125829722,-1
61,Brooklyn,Williamsburg,-73.95811529220927,40.70714439344251,32926.0,1.485896209569183,-0.6427866590478051,-0.3135169264673624,-0.6855453652299068,-0.004598839754739416,3
62,Brooklyn,Bushwick,-73.92525797487045,40.69811611017901,129239.0,1.141757343619969,-0.03307075643171754,0.11496304919984232,-0.7785488129032689,-0.6153103693752457,-1
63,Brooklyn,Bedford Stuyvesant,-73.94178488690297,40.687231607720456,42483.0,1.083056179238525,0.5274321350929281,0.0837632872747778,-0.9738411258680262,0.2575591973195071,-1
64,Brooklyn,Brooklyn Heights,-73.99378225496424,40.69586372272408,11444.0,1.2308187941802846,-0.45485297270854297,0.3155786472082558,-0.014331771599149735,-0.12940499953179957,3
65,Brooklyn,Cobble Hill,-73.99856139218463,40.68791972248557,11444.0,1.398828328888598,-0.5564822170596899,-0.14604272640851218,-0.3758902008450754,-0.1677986848526761,3
66,Brooklyn,Carroll Gardens,-73.99465372828006,40.680540231076485,19176.0,1.3054235587132532,-0.6115030808876163,-0.2781338494689658,-0.4032230383290646,-0.337263176202703,3
67,Brooklyn,Red Hook,-74.0127589747356,40.676253230250886,19176.0,-0.6767646613072369,-0.30479187981488526,-0.2681084040185085,-0.0012824111574761073,-0.3310197976936413,0
68,Brooklyn,Gowanus,-73.99444087145339,40.673931143187154,33824.0,0.6750460519396514,-0.3098013915666279,0.0479292640851408,-0.6188824889648047,-0.5664953100528353,-1
69,Brooklyn,Fort Greene,-73.97290574369092,40.68852726018977,26079.0,1.370581465278255,-0.4457154428997717,-0.09288404579494784,-0.10971141038376235,-0.15730004984527243,3
70,Brooklyn,Park Slope,-73.97705030183924,40.67232052268197,33824.0,1.2018852316157136,-0.698679628353853,0.018532506811040843,-0.7052186980092933,-0.1688804924500558,3
71,Brooklyn,Cypress Hills,-73.87661596457296,40.68239101144211,24612.0,-0.2580847111797142,0.6013513192758371,-0.44877698720366166,0.03523156738244263,-1.0601285010027806,-1
72,Brooklyn,East New York,-73.88069863917366,40.669925700847045,91958.0,-0.011498460508768802,1.0639967642006818,-0.649514449426193,-0.131685288777734,-0.253911970285922,1
73,Brooklyn,Starrett City,-73.87936970045875,40.64758905230874,13354.0,-0.8370263340387589,0.23703389905433955,0.1713124105944315,0.013484271109045268,0.07082629727640315,0
74,Brooklyn,Canarsie,-73.90209269778966,40.63556432797428,83693.0,-0.6363564838589613,0.6299565866915858,-0.20755916958942777,-0.17097008594120075,0.7886105934403926,0
75,Brooklyn,Flatlands,-73.92911302644674,40.630446043757466,64762.0,-0.42919282404945464,0.8345022141548945,0.10675569068745189,-0.5396316557757023,0.6567253360698129,0
76,Brooklyn,Mill Island,-73.90818571777423,40.606336421685626,13000.0,-1.1039702224687824,-0.4323407360986679,-0.28592415853957637,0.2655111763889266,0.06973776285274279,0
77,Brooklyn,Manhattan Beach,-73.94353722891886,40.57791350308657,21506.0,-0.1088711356058151,-0.36112213785851976,0.9635837642563448,-0.013705287347785035,-0.11874276373989827,0
78,Brooklyn,Coney Island,-73.98868295821637,40.57429256471601,15982.0,-0.4596040070615721,0.5276588766709592,0.3276174959905679,-0.1899351939556405,-0.013701011110392488,0
79,Brooklyn,Bath Beach,-73.99875221443519,40.59951870282238,29931.0,0.1418478816660463,-0.07191032684639224,0.6096553774638489,1.0149797246248684,0.46200404157681724,-1
80,Brooklyn,Borough Park,-73.99049823044811,40.633130512758015,106357.0,0.21957884447651801,0.4567759882447646,0.5099567126591575,0.4746377704858591,-0.21687520249203818,0
81,Brooklyn,Dyker Heights,-74.01931375636022,40.61921945772264,42419.0,0.3554794976193818,-0.24191454883831306,0.5262962419103002,0.5492899264192174,-0.14781660593425205,0
82,Brooklyn,Gerritsen Beach,-73.93010170691196,40.590848433902046,21506.0,-0.8742386278118172,0.1428429389318786,0.2691516665568715,0.220968615951805,0.08070858136719067,0
83,Brooklyn,Marine Park,-73.93134404108497,40.609747779894604,11308.0,-0.2746466637092127,0.39866159386906896,0.44806023209820317,-0.625960609200055,0.27613786627688236,-1
84,Brooklyn,Clinton Hill,-73.96784306216367,40.693229421881504,34791.0,1.1054992040219718,0.029551102791049888,0.10820594030377381,0.23862737970688375,-0.1431426556991424,2
85,Brooklyn,Sea Gate,-74.0078731120024,40.57637537890224,15982.0,-1.2632478611888398,-0.6860368415335261,-0.6647043144899377,0.03101075961293659,0.011262984806260552,0
86,Brooklyn,Downtown,-73.98346337431099,40.69084402109802,8624.0,1.5367762704079522,-0.2269403331648695,0.07907216896478629,-0.17301395097838182,0.1721852472193632,3
87,Brooklyn,Boerum Hill,-73.98374824115798,40.68568291209144,8624.0,2.0068280117827495,-0.5324958691880598,-0.2062017381460028,-0.08976779026147189,-0.13844878715657447,4
88,Brooklyn,Prospect Lefferts Gardens,-73.95489867077713,40.658420017469815,21242.0,0.850062335137054,0.41247460087419985,-0.1567028076213504,-0.31088087188505703,0.17643499665061368,2
89,Brooklyn,Ocean Hill,-73.91306831787395,40.67840255479536,31935.0,0.33944496228293397,0.6397017321322944,-0.11478402009533908,-0.5121966659134494,-0.0068398942668099994,-1
90,Brooklyn,City Line,-73.86797598081334,40.67856995727479,24612.0,0.19249504445578958,0.7167548034897423,-0.3484036036435811,-0.24262272562967013,-0.7534578476281458,-1
91,Brooklyn,Bergen Beach,-73.89855633630317,40.61514955045308,11308.0,-1.3581558798511084,-0.7968509799301254,-0.6699257353050959,0.06562823699062152,-0.013884575314638511,0
92,Brooklyn,Midwood,-73.95759523489838,40.62559589869843,52835.0,0.2434247873301313,0.4579173464816717,0.7831167232561871,0.5190536535722355,-0.04818979002245887,0
93,Brooklyn,Prospect Park South,-73.96261316716048,40.64700860318519,2500.0,0.5263964218229623,0.6929268513292324,-0.07643377908294159,-0.12212600958216122,0.28452601116163545,2
94,Brooklyn,Georgetown,-73.91607483951324,40.62384524478419,11308.0,-0.4868238715600447,0.3027252421361952,0.4610065009896174,0.0814172249222061,0.004233548108057991,0
95,Brooklyn,East Williamsburg,-73.93885815269195,40.70849241041548,34158.0,1.1886039499169794,-0.5018055971078058,0.32982101268172803,-1.2337087465198227,-0.010298372331669558,-1
96,Brooklyn,North Side,-73.95880857587582,40.714822906532014,21242.0,1.312567480095893,-0.9262446362631672,-0.5253699492790882,-0.9627156780879772,0.4262306388612398,-1
97,Brooklyn,South Side,-73.95800095153331,40.71086147265064,21242.0,1.5798144290432872,-0.7089125244246054,-0.23870732131942327,-0.9694368083849123,0.0765594811141519,3
98,Brooklyn,Ocean Parkway,-73.96836678035541,40.61305976667942,38744.0,0.09562530830559078,-0.09250520902190804,0.9759166947700884,0.5001755070858981,-0.35854638358546387,0
99,Brooklyn,Fort Hamilton,-74.03197914537984,40.61476812694226,3000.0,0.10113773211496412,-0.24347082832148273,0.7642702357112993,-0.26559172249834906,-0.4817299082137402,5
100,Manhattan,Chinatown,-73.99427936255978,40.71561842231432,47844.0,2.033076972324046,-0.5011749815040876,-0.3678336082824911,1.3840604840483604,0.7831490919523131,-1
101,Manhattan,Washington Heights,-73.93690027985234,40.85190252555305,151574.0,0.8053821545180139,0.2769417524742287,-0.09412520886114971,-0.276302800980829,-0.595011417147406,-1
102,Manhattan,Inwood,-73.92121042203897,40.86768396449915,23373.0,0.637502907215228,0.6594733357560907,-0.3173571029206095,-0.5014417512355989,-0.570774612518415,-1
103,Manhattan,Hamilton Heights,-73.94968791883366,40.823604284811935,48520.0,1.0203277391689545,0.1464652696809386,0.20591157645142733,-1.173547299540001,0.09303367154040418,-1
104,Manhattan,Manhattanville,-73.9573853935188,40.8169344294978,22950.0,1.1081509796409459,0.17980367632117927,0.22302078830857872,-0.8180330499975439,0.05057071023766673,-1
105,Manhattan,Central Harlem,-73.94321112603905,40.81597606742414,118665.0,1.2746332749915992,0.2876728571762101,-0.15977390173178158,-0.5677583614754582,0.3981710312842765,-1
106,Manhattan,East Harlem,-73.94418223148524,40.79224946663033,115921.0,1.0753569684035553,0.24207094960578387,-0.24682015963340997,-0.7365254367137096,-0.27221046693030077,-1
107,Manhattan,Upper East Side,-73.96050763135,40.775638573301805,30604.0,1.7049819492724492,-0.47685645775978125,0.5657435202620918,-0.2857525051421279,-0.09237397469238459,4
108,Manhattan,Yorkville,-73.94711784471826,40.77592984988488,77942.0,1.6587035438150557,-0.4641342832744238,0.25266450005797,-0.7874472829887111,0.313107232094411,3
109,Manhattan,Lenox Hill,-73.9588596881376,40.76811265828733,40386.0,1.7295177415265623,-0.6242657785803362,0.17518744293752622,-0.06984754730107064,-0.008237280251660699,4
110,Manhattan,Roosevelt Island,-73.94916769227953,40.76215960576283,40386.0,0.5214983885075135,-0.35839496694913836,0.3069305940451048,-0.26758992409905247,0.1589822019973943,-1
111,Manhattan,Upper West Side,-73.97705923630603,40.78765799853485,132378.0,1.3702205937067362,-0.6697201639582336,0.25914074114674845,-0.7426056439305807,0.0007482796243551437,3
112,Manhattan,Lincoln Square,-73.98533777001262,40.77352888942166,61489.0,1.518749873805489,-0.5934551819218801,0.10716918358133519,-0.8808945312164648,0.18253709733597245,3
113,Manhattan,Clinton,-73.99611936309479,40.75910089146212,45884.0,2.1729248712419267,-0.6776601586832687,-0.30341715953519627,0.07994571199262301,-0.1482724311802514,4
114,Manhattan,Midtown,-73.98166882730304,40.75469110270623,39930.0,2.5854778650398846,-0.772206603265197,-0.3750121374222773,0.39458838158746784,0.19613435926219414,4
115,Manhattan,Murray Hill,-73.97833207924127,40.748303077252174,51739.0,2.411180428395736,-0.8256034226699906,-0.4885735126484646,0.6578011876569606,0.2217919463997325,4
116,Queens,Murray Hill,-73.81276269135866,40.76412612261407,51739.0,2.1166243572495915,-0.6034916443139994,-0.2787045907836212,0.340038715092292,-0.018959271967947833,4
117,Manhattan,Chelsea,-74.00311633472813,40.744034706747975,23383.0,2.0214316278135502,-0.6959188228222942,-0.5231897803313322,0.3859324230748942,0.15956784353851527,4
118,Staten Island,Chelsea,-74.1895604551969,40.59472602746295,3000.0,1.8271443317174267,-0.6506881292737736,-0.08625764390524232,-0.01672969609237715,0.3080436578628828,4
119,Manhattan,Greenwich Village,-73.99991402945902,40.72693288536128,23000.0,1.7146476778873738,-0.730610566802647,-0.42898694721863734,0.0628833523092922,0.47270435585546106,4
120,Manhattan,East Village,-73.98222616506416,40.72784677727024,44136.0,2.0310988554007685,-0.7118028645644151,-0.25789703793906454,0.22463643416773751,-0.40377252777474826,4
121,Manhattan,Lower East Side,-73.98089031999291,40.71780674892765,72957.0,2.2173494244528684,-0.5537360443743592,-0.4778577737520762,1.2950197310639262,0.4825750913220933,-1
122,Manhattan,Tribeca,-74.01068328559087,40.721521967443216,10686.0,2.184350145824153,-0.7516917933008144,-0.3869481705338126,0.8054477468734703,0.40807911045945117,4
123,Manhattan,Little Italy,-73.99730467208073,40.71932379395907,10686.0,1.5947485452960408,-1.0413224864771373,-0.439768309324691,-0.13411514098339625,-0.02541493583510873,-1
124,Manhattan,Soho,-74.00065666959759,40.72218384131794,10686.0,1.0679977016528681,-0.2888912128532489,0.033174638084029685,0.05590411369785385,-0.04100268240715681,3
125,Manhattan,West Village,-74.00617998126812,40.73443393572434,66880.0,0.8413104680994339,0.16165561715961727,0.10022560851753272,-0.07358841706390844,0.09192868203515912,2
126,Manhattan,Manhattan Valley,-73.96428617740655,40.79730704170287,23000.0,1.9202053051499042,-0.6301647136546636,-0.24721075277000562,0.19295292409727852,0.3474841133323947,4
127,Manhattan,Morningside Heights,-73.96389627905332,40.80799973816583,55929.0,1.8312001793279702,-0.5457559028477338,0.1825341157653733,0.12471275219343189,-0.30928672168606314,4
128,Manhattan,Gramercy,-73.98137594833541,40.737209832715,27988.0,2.0139938593698643,-0.7375472316736065,0.17171743676132092,0.028768340491833654,-0.43648388005880717,4
129,Manhattan,Battery Park City,-74.01686930508617,40.71193198394565,42483.0,1.3205121461089913,-0.30382668918844896,-0.04685932179629452,-0.42878494581514903,-0.007404380903054142,3
130,Manhattan,Financial District,-74.0106654452127,40.70710710727048,54000.0,0.8282043651674835,0.14392662023758906,0.20992148512758935,0.11382523050413453,-0.0036072538222783296,2
131,Queens,Astoria,-73.91565374304234,40.76850859335492,78793.0,1.2256783451926239,0.4029023478736755,-0.1870545142707674,0.4932873860078409,-0.21858226397261607,-1
132,Queens,Woodside,-73.90184166838284,40.74634908860222,45099.0,1.3358151046978437,0.11923488393747818,0.09060291166844894,1.194625491499558,0.8710406945438373,-1
133,Queens,Jackson Heights,-73.88282109164365,40.75198138007367,108152.0,-0.9688877415976315,-0.3931448013405179,0.07108860379722677,-0.12917870905730416,0.09116924687930378,0
134,Queens,Elmhurst,-73.88165622288388,40.74404850512202,101188.0,0.26608200929683606,0.47116303960960504,-0.28687493248347395,0.6093452209024487,-0.996195105808714,1
135,Queens,Howard Beach,-73.8381376460028,40.65422527738487,13074.0,0.4664951006725747,-0.3057199867825617,0.6068822609843436,-0.10390336059326649,-0.26786045601785347,5
136,Queens,Corona,-73.85682497345258,40.74238175015667,57658.0,-0.0563240048251054,0.19033436901269668,0.21463746312248705,-0.06391680117999578,-0.4711513541064045,0
137,Queens,Forest Hills,-73.84447500788983,40.72526378216503,83728.0,-0.0559120157718613,0.3672353828015206,-0.04739168987101768,0.024681001333684775,-0.4360171253669115,0
138,Queens,Kew Gardens,-73.82981905825703,40.7051790354148,23278.0,1.1399716405498577,-0.11915816433922534,0.043095486304262895,1.7086134981729832,1.5908327303895433,-1
139,Queens,Richmond Hill,-73.83183321446887,40.69794731471763,62982.0,0.5358927796322845,-0.22949644038607933,0.3423051291886072,-0.19230683962010983,0.2050083744933555,-1
140,Queens,Flushing,-73.83177300329582,40.76445419697846,98990.0,0.018958766203575374,0.0005381922934969265,0.31642204431723614,-0.12277822609202774,0.0849495097970458,0
141,Queens,Long Island City,-73.93920223915505,40.75021734610528,6677.0,-0.24741988762852457,0.4014541076202302,-0.4198073446109276,-0.1759184902586238,-0.7047025839057119,-1
142,Queens,Sunnyside,-73.92691617561577,40.74017628351924,21090.0,-0.5776044130063319,0.011226333971447174,0.7125690222581598,-0.3200780131591734,-0.15986377313467612,0
143,Staten Island,Sunnyside,-74.0971255217853,40.61276015756489,12000.0,0.6475878617948905,0.15316753403502015,0.13342629487344732,-0.2329657946411102,-0.15190351953366538,2
144,Queens,East Elmhurst,-73.86704147658772,40.76407323883091,23150.0,-0.9100792974452094,-0.17839685429915678,0.48708473587041645,0.09818617113337892,-0.04479254996236909,0
145,Queens,Maspeth,-73.89621713626859,40.725427374093606,60354.0,0.49081208825788125,0.1162964727268741,0.9092674024780417,0.32718401863852226,0.19093227043587802,0
146,Queens,Ridgewood,-73.90143517559589,40.70832315613858,69317.0,0.3298476395279003,0.6132218639995656,0.2559528191494692,-0.1726318635844094,-0.5354513733842818,-1
147,Queens,Glendale,-73.87074167435605,40.70276242967838,32496.0,-0.007475294677475479,0.7440426957254411,0.07189911146710845,0.3356846907453045,-0.43552543286589773,1
148,Queens,Rego Park,-73.8578268690537,40.72897409480735,28260.0,-0.489846855978679,0.5514812675631249,0.11186769933815774,-0.18487912156948033,0.561516903058896,0
149,Queens,Woodhaven,-73.8581104655432,40.68988687915789,56674.0,-0.8491853143573168,0.2558900153292978,0.5880244699041053,0.3213630977373207,-0.03598844856785719,0
150,Queens,Ozone Park,-73.84320266173447,40.680708468265415,21376.0,-0.7011129372532078,-0.41263591264996197,0.3060614275215942,-0.04984529470069025,0.18105681347064043,0
151,Queens,South Ozone Park,-73.80986478649041,40.66854957767195,75878.0,-0.05347780212672248,-0.24829956261552585,0.580849681022063,0.19934579382849066,0.28582992688638514,-1
152,Queens,College Point,-73.84304528896125,40.784902749260205,24275.0,-0.0011183823042832202,-0.08343938247417602,0.648823062395431,-0.0011451713333382298,0.507651465165886,-1
153,Queens,Whitestone,-73.81420216610863,40.78129076602694,30773.0,-0.5655651342350086,-0.20777470378370455,0.6508022701929289,0.557052065845159,0.57438306026629,-1
154,Queens,Bayside,-73.7742736306867,40.76604063281064,42483.0,-0.6620259718207827,-0.24080633807485974,0.6161265164877402,0.37844655541319955,0.7980182595109045,-1
155,Queens,Auburndale,-73.79176243728061,40.76172954903262,19996.0,-0.9227863531495146,-0.3134496109536108,-0.05604223126277536,-0.16695559607100446,-0.02523056708447303,0
156,Queens,Little Neck,-73.7388977558074,40.7708261928267,12370.0,-0.6622952480314663,0.26608327441236906,0.6022671538031448,-0.7196694209995483,0.36798323137764943,-1
157,Queens,Douglaston,-73.7424982072733,40.76684609790763,12370.0,-0.4782287610370813,-0.029058638683316398,0.6804524818421179,0.34336080927778717,-0.26131495574995334,0
158,Queens,Glen Oaks,-73.71548118999145,40.74944079974332,11286.0,-0.5932215055392788,0.0671953806310761,1.2260991993622983,0.4535903693395876,0.029629336793970854,0
159,Queens,Bellerose,-73.72012814826903,40.72857318176675,25287.0,0.12014236348877132,0.7504319775030304,0.03253722629968289,0.31023742819585515,0.04828685869417319,-1
160,Queens,Kew Gardens Hills,-73.82087764933566,40.722578244228046,37479.0,0.6903330209670598,1.1239966883690784,-0.5886415333137386,0.2821971887858169,0.529105214747048,-1
161,Queens,Fresh Meadows,-73.78271337003264,40.7343944653313,8906.0,-0.8426881627710046,-0.45781463258792676,-0.043405202674723586,0.01725630781915939,0.37399835487826066,0
162,Queens,Briarwood,-73.81174822458634,40.71093547252271,19569.0,-0.6917978730477802,0.34873035447720835,0.0947219545751306,-0.0008865563143177739,-0.25512292105889356,0
163,Queens,Jamaica Center,-73.79690165888289,40.70465736068717,53751.0,-0.6781299724263031,0.8756141158887747,-0.16055520544934887,-0.4858039808928002,0.7901151816684633,0
164,Queens,Oakland Gardens,-73.75494976234332,40.74561857141855,28237.0,0.1602732904474833,0.9258608099918605,-0.3174084318263314,-0.18791744851713182,0.4350542788456177,-1
165,Queens,Queens Village,-73.73871484578424,40.71889309216736,52504.0,-0.6133650035392196,0.4841868261378967,-0.5734894935700722,-0.4049410110787945,0.5684418070154195,0
166,Queens,Hollis,-73.75925009335594,40.71124344191904,20269.0,-0.6949704672974494,0.7141823455552794,0.014178633640743473,-0.3474928985305267,0.7284958748404902,0
167,Queens,South Jamaica,-73.7904261313554,40.696911253789885,38894.0,-0.9075944177318687,-0.03732354018898182,-0.32504826397690084,-0.11853867952614153,0.2516809247468608,0
168,Queens,St. Albans,-73.75867603727717,40.69444538522359,48593.0,-0.8786928400558157,0.28878723343162016,-0.043648498286664186,-0.17374916913043825,0.6379832581443017,0
169,Queens,Rochdale,-73.77258787620906,40.67521139591733,25000.0,-0.9058658749968183,0.15719818315722064,-0.22934746804149614,0.0415456752719747,0.3597490422467664,0
170,Queens,Springfield Gardens,-73.76042092682287,40.66623049036858,35475.0,-0.31613938719436746,0.7973884178965798,-0.2764908472021537,0.06132362845109547,0.1448071064588072,-1
171,Queens,Cambria Heights,-73.73526873708026,40.692774639160845,18677.0,-1.4063256915973272,-0.7660432689583268,-0.6114523710284016,0.04450012160115687,0.019377666659626154,0
172,Queens,Rosedale,-73.73526079428278,40.65981643342808,25063.0,-1.3803818930202079,-0.84400657794849,-0.7270820688236705,0.05757272827647835,0.011308205606308077,0
173,Queens,Far Rockaway,-73.75497968043872,40.603134432500894,25029.0,0.2625615034769143,-0.45947960809374516,0.6858871948656201,-0.4133097831081231,-0.11108418206118882,5
174,Queens,Broad Channel,-73.8200548911032,40.60302658351238,7004.0,-0.8470754546783491,-0.3345165522557174,0.7305407775975654,-0.21589617082919843,0.09757255858307691,0
175,Queens,Breezy Point,-73.92551196994168,40.55740128845452,7004.0,-1.1030175239198672,-0.6649776248286672,-0.033790720754911,-0.00917799471881948,-0.10054783930457008,0
176,Queens,Steinway,-73.90228960391673,40.775923015642896,47534.0,-1.2002009601984962,-0.6363778850046428,-0.6870730580705204,-0.07016936357852856,0.17970599239741475,0
177,Queens,Beechhurst,-73.80436451720988,40.79278140360048,15000.0,-1.1015107582333754,-0.5993592194355751,-0.4925116106051622,-0.18236193070163118,0.17661848457957485,0
178,Queens,Bay Terrace,-73.7768022262158,40.782842806245554,10876.0,-0.25448883335801076,-0.18919715662760342,-0.03866070734401491,-0.2549573024745982,-0.620273428662953,0
179,Staten Island,Bay Terrace,-74.13916622175768,40.55398800858462,7000.0,-1.3268121966813606,-0.7691383038182813,-0.5648161220398015,0.04809445636041561,-0.12990213081827184,0
180,Queens,Edgemere,-73.77613282391705,40.595641807368494,12295.0,0.21320098873326973,0.04053435533132516,0.0037603258086287314,-0.15013440291198696,0.915844362378387,-1
181,Queens,Arverne,-73.79199233136943,40.58914394372971,12295.0,-0.6498069261405497,0.21657270370862602,0.7299187780242081,-0.3204768216849815,0.07567143143707505,0
182,Queens,Rockaway Beach,-73.82236121088751,40.58280169684559,13000.0,-0.9346574497489317,-0.014942354878290992,-0.3333593413746355,-0.01185912486628141,0.20419921607335922,0
183,Queens,Neponsit,-73.85754672410827,40.572036730217015,5000.0,-0.23027783265072188,0.9030285565753604,0.26540338646370204,0.4494408530477066,0.21869217476393216,-1
184,Queens,Floral Park,-73.70884705889246,40.74137842194544,11286.0,-0.5611158720424748,-0.4266317392588027,0.369730019740147,1.1894418049187798,0.7078491719965201,-1
185,Queens,Holliswood,-73.76714166714729,40.7209572076444,12740.0,-0.6718621245174528,0.15182338797892395,0.6289534209249983,0.35987200080673215,0.6142632291982337,0
186,Queens,Jamaica Estates,-73.7872269693666,40.71680483014613,12740.0,0.9811493906055307,-0.19851912578326078,-0.08633845320739648,-0.23761891257977721,0.09712806511938712,2
187,Queens,Queensboro Hill,-73.82580915110559,40.7445723092867,20800.0,-0.8636997616209908,0.054602340636070716,0.7006525400490967,0.0667598438580332,0.17612386115403889,0
188,Queens,Hillcrest,-73.79760300912672,40.7238249018292,17017.0,-0.6227009894166133,0.4071145704787819,-0.2587204012550242,-0.2501241590668938,0.5783276983085346,0
189,Queens,Ravenswood,-73.93157506072878,40.76170452605415,6677.0,0.26969388609522693,0.4220990016103621,0.7893684337983676,0.20699267561691928,0.5354059640315092,-1
190,Queens,Lindenwood,-73.84963782402441,40.66391841925139,13074.0,-1.2974700268568877,-0.7460484006509379,-0.5747242492061876,0.07140620636062561,-0.1553626345521279,0
191,Queens,Laurelton,-73.74025607989822,40.66788389660247,24453.0,-0.7689427359366564,-0.37416817643363576,-0.06802271857913715,-0.03373426042250915,-0.5041424938186352,0
192,Queens,Lefrak City,-73.8625247141374,40.7360745708308,65000.0,-1.1308155565904985,-0.6372097375723659,-0.5499154327222251,-0.020136468970276045,0.0022503113604816997,0
193,Queens,Belle Harbor,-73.8540175039252,40.57615556543109,7004.0,-1.1858237917313565,-0.5063493452642951,-0.5894454519369431,0.021438354770173484,0.1002410225925885,0
194,Queens,Rockaway Park,-73.84153370226186,40.58034295646131,7004.0,-1.1576084927470962,-0.09239144822483929,-0.1983265478020497,0.15186641336923817,-0.12677415245035267,0
195,Queens,Somerville,-73.79664750844047,40.59771061565768,15000.0,0.12712467464253588,0.8850748108824067,-0.5506070849091846,0.3856689713553923,-1.0812807992226325,-1
196,Queens,Brookville,-73.75175310731153,40.66000322733613,10066.0,0.6706059789697033,-0.3774211773239248,0.6086340836255126,-0.4839390642138653,-0.30938947675594425,5
197,Queens,Bellaire,-73.73889198912481,40.73301404027834,22000.0,-0.3921416370294183,0.11439303192748623,0.06570952176948369,-0.017689424993109656,-0.4471786990108196,0
198,Queens,North Corona,-73.85751790676447,40.7540709990489,52037.0,-0.11598044718702563,0.21840717600576146,-0.030468126653054584,-0.12543679598668664,-0.1812322980298716,0
199,Queens,Forest Hills Gardens,-73.8410221123401,40.7146110815117,5000.0,-0.23151664766119667,0.41308681848561374,-0.01770516956385617,-0.3545343977143519,0.6984873646782486,0
200,Staten Island,St. George,-74.07935312512797,40.6449815710044,11184.0,-0.7816102873703236,-0.156487389434147,-0.0151625387191935,0.14377666087275567,-0.023812419314576047,0
201,Staten Island,New Brighton,-74.08701650516625,40.64061455913511,19946.0,-0.7653708834373745,-0.21246162342132058,0.9458944785642978,-0.3418353891515707,-0.34099007563898104,0
202,Staten Island,Stapleton,-74.07790192660066,40.62692762538176,13226.0,-0.5609480660210393,0.35967154146760516,-0.31768289190934507,-0.3171791261885088,0.6734729316477073,0
203,Staten Island,Rosebank,-74.06980526716141,40.61530494652761,13226.0,-1.2245683886515315,-0.6280362618690645,-0.32925197166392145,0.13375068535408263,-0.07817747013334647,0
204,Staten Island,West Brighton,-74.1071817826561,40.63187892654607,28934.0,-1.2528323446207357,-0.6751485839668573,-0.5266813933660494,0.1609776274811396,0.02156866762511639,0
205,Staten Island,Grymes Hill,-74.08724819983729,40.624184791313006,11230.0,-0.04827769016556094,0.4564923562030079,0.39523144478923583,-0.21193916858121653,-0.23355720241768888,0
206,Staten Island,Todt Hill,-74.1113288180088,40.59706851814673,7678.0,-0.620381709756415,0.46341219854131854,0.4567298630654673,0.2706062006782777,-0.022479121758650574,0
207,Staten Island,South Beach,-74.0795529253982,40.58024741350956,8278.0,-1.3179427171238245,-0.6255699562303365,-0.7524686494052057,0.05962543335369828,0.05256050486783368,0
208,Staten Island,Port Richmond,-74.12943426797008,40.63366930554365,20191.0,-1.020448678856538,-0.14648385725392216,0.6548169307394829,0.18539610791663225,0.3933991487555912,0
209,Staten Island,Mariner's Harbor,-74.15008537046981,40.63254639048112,7868.0,-1.122767828461264,-0.529967500091482,-0.34877573058679456,0.162430128723584,0.0321974781477768,0
210,Staten Island,Port Ivory,-74.17464532993542,40.63968297845542,7868.0,-1.295461906008073,-0.7969822771052225,-0.560869480018013,0.07109421000291408,-0.12295052641701816,0
211,Staten Island,Castleton Corners,-74.11918058534842,40.61333593766742,500.0,-0.2150777897030298,0.2212198399904749,1.3397013096858597,-0.058614909850745425,0.16851280304042027,0
212,Staten Island,New Springville,-74.16496031329827,40.594252379161695,13199.0,-1.0690715515230613,-0.35734431874142725,0.15809994250333184,-0.25413519603540813,0.03437629188690604,0
213,Staten Island,Travis,-74.19073717538116,40.58631375103281,13199.0,-0.6521075215103971,-0.490786380395956,0.30879954612253874,0.1730420565054242,-0.14075412789850544,0
214,Staten Island,New Dorp,-74.1164794360638,40.57257231820632,10948.0,-0.7687037917119958,-0.31872916446986554,0.34186136748299223,0.20284403881985352,-0.14331186173662205,0
215,Staten Island,Oakwood,-74.12156593771896,40.5584622432888,22049.0,-1.1341499985115364,-0.6918558834102606,-0.25549811528241323,0.13541905713837885,-0.04534527940258482,0
216,Staten Island,Great Kills,-74.14932381490992,40.549480228713605,40720.0,-1.206294094750507,-0.7082270021088811,-0.29854181597205304,0.21476613513107895,-0.043732680030931954,0
217,Staten Island,Eltingville,-74.1643308041936,40.542230747450745,6942.0,-1.1419834961733435,-0.7238134790639272,-0.5039779513167119,0.04548068930346908,-0.07588363242979537,0
218,Staten Island,Annadale,-74.17854866165878,40.53811417474507,6942.0,0.15924292373346194,0.12244694049215733,-0.13867063884812034,-0.30172570517123165,-0.3276962475531547,0
219,Staten Island,Woodrow,-74.20524582480326,40.54196762288876,10382.0,-1.0338737764714179,-0.3995158569063484,-0.4496920938569873,-0.11350500480889458,0.10742346471881943,0
220,Staten Island,Tottenville,-74.24656934235283,40.50533376115642,7771.0,-0.9671029081402572,-0.5271808752106215,-0.3443503971549984,-0.34226730296728114,0.0451596757904167,0
221,Staten Island,Tompkinsville,-74.08055351790115,40.637316067110326,15000.0,0.7301776776959528,0.6167487204970656,-0.1387810202214094,-0.009058542771044824,0.001684679824561482,2
222,Staten Island,Silver Lake,-74.09629029235458,40.61919310792676,8762.0,0.22630807645404594,1.3015349678754837,-0.04897279737848518,-0.4047631061996009,1.0644751880195793,-1
223,Brooklyn,Ditmas Park,-73.96101312466779,40.643675183340974,8000.0,-0.03217868737816261,1.3070266362899396,-0.600843694807116,-0.06660552964972458,0.9720692214577962,-1
224,Brooklyn,Wingate,-73.93718680559314,40.66094656188111,21242.0,-0.8246874406681577,-0.11326696955333448,-0.23627346187701262,-0.04278356746860064,-0.040485383944615434,0
225,Brooklyn,Rugby,-73.92688212616955,40.65557231328077,27663.0,-0.0665121498396239,0.03762840489926836,0.9783007687060504,-0.22298101726308556,0.09960847875757582,0
226,Staten Island,Park Hill,-74.08015734936296,40.60919044434558,10000.0,-0.525452729661283,0.4637935227601997,0.7545185698620029,0.27433285007146746,-0.16513805046421123,0
227,Staten Island,Westerleigh,-74.13304143951704,40.62109047275409,24102.0,-1.163670997184323,-0.3581647071056107,-0.5296787412878231,0.1685505080316909,-0.04874551330445341,0
228,Staten Island,Graniteville,-74.15315246387762,40.620171512231884,7868.0,-1.0990419409084324,-0.7534000614183912,-0.2718923579865316,0.15842559971362227,-0.08377782740928134,0
229,Staten Island,Arlington,-74.16510420241124,40.63532509911492,7868.0,-0.871028416180363,-0.32871859328507014,0.39815471380232653,-0.10848544437557424,-0.20093382600403795,0
230,Staten Island,Arrochar,-74.06712363225574,40.596312571276734,8040.0,-0.9839363695459624,-0.2747903697084202,0.18061278408283185,0.15978874927713663,-0.08873669270026643,0
231,Staten Island,Grasmere,-74.0766743627905,40.59826835959991,8040.0,-0.7071642819921274,-0.1782478319197431,0.8430550200382978,0.2754201861302098,-0.28072816715762605,0
232,Staten Island,Old Town,-74.08751118005578,40.59632891379513,8278.0,-0.9649538646384597,-0.5058423435176054,-0.2321789169152072,0.16299050573695875,0.10939046460982026,0
233,Staten Island,Dongan Hills,-74.09639905312521,40.58867294819928,8278.0,-0.07938786382715807,0.28564173412763133,0.859040684122569,0.19433578324288536,0.2750833959669753,0
234,Staten Island,Midland Beach,-74.09348266303591,40.57352690574283,10948.0,-0.6511732443827587,0.22065552600422933,1.014018512444982,-0.1552701231985514,0.23765924373740016,0
235,Staten Island,Grant City,-74.10585598545434,40.57621558711788,10000.0,-1.0495691285147353,-0.6473159610252815,-0.29698052868472286,0.13131591106800916,-0.12346587533451751,0
236,Staten Island,New Dorp Beach,-74.10432707469124,40.56425549307335,5000.0,-1.216907719249716,-0.6069361767018229,-0.30597318475144575,0.161343421779694,-0.003427844570115496,0
237,Staten Island,Huguenot,-74.19174105747814,40.531911920489605,6942.0,-1.0202686457871843,-0.6298085539721407,-0.363930011092079,0.05573104116322346,-0.09306279819675257,0
238,Staten Island,Pleasant Plains,-74.21983106616777,40.524699376118136,5500.0,-1.245096243526878,-0.7732732549216,-0.7124346346509695,0.11008578927602196,0.017997316007186275,0
239,Staten Island,Butler Manor,-74.22950350260027,40.50608165346305,1000.0,-0.8051863963938097,-0.4923166757282111,0.1421605711711615,-0.2137246908488922,-0.06634858550201361,0
240,Staten Island,Charleston,-74.23215775896526,40.53053148283314,7771.0,-1.4079974175266863,-0.6975829899400697,-0.09318717636347422,0.26167450234292056,-0.04359867345775092,0
241,Staten Island,Rossville,-74.21572851113952,40.54940400650072,10382.0,-1.238577998585358,-0.7388955697842149,-0.13886808504822665,0.15710445034400988,-0.07184790126450835,0
242,Staten Island,Arden Heights,-74.18588674583893,40.54928582278321,25238.0,-1.1597420643057776,-0.43264234556453635,-0.2615256910406483,-0.23492803680899738,-0.009676803513653943,0
243,Staten Island,Greenridge,-74.17079414786092,40.5552952361732,1000.0,-0.49885995427398205,0.09749775065327997,0.5954630896199964,-0.19334883711035436,0.3206436569321208,0
244,Staten Island,Heartland Village,-74.15902208156601,40.58913894875281,7678.0,-1.2294098096570147,-0.6339343049928898,-0.47937428504069995,0.10536523345331975,-0.0012760521659484882,0
245,Staten Island,Bloomfield,-74.18725638381567,40.60577868452358,13199.0,-1.3473762262692497,-0.6640631227213608,-0.5040283405278244,0.14837697448978293,0.10329378716056255,0
246,Staten Island,Bulls Head,-74.15940948657122,40.6095918004203,17000.0,-0.9893474027848611,-0.2201238450942663,0.14488718345776952,0.031262687239086186,-0.1053137160752727,0
247,Manhattan,Carnegie Hill,-73.95325646837112,40.7826825671257,30604.0,1.324644655674268,-0.7406821537471711,0.37446568292105054,-0.7922428507938803,0.06459471860478534,3
248,Manhattan,Noho,-73.98843368023597,40.72325901885768,5000.0,2.236559940687958,-0.6143040266580025,-0.28445663076818567,0.4702912877751542,0.43856020555824377,4
249,Manhattan,Civic Center,-74.00541529873355,40.71522892046282,10686.0,2.300220738929092,-0.5698169156217819,-0.467690636464473,0.954035071235902,0.11866926963844618,4
250,Manhattan,Midtown South,-73.98871313285247,40.7485096643122,14315.0,2.5447691037266145,-0.8756335115452012,-0.73590832196601,0.5183801635322417,0.34731367295257437,4
251,Staten Island,Richmond Town,-74.1340572986257,40.56960594275505,4000.0,-1.3290802025585322,-0.5141589243246582,-0.30358983498883985,-0.027098756150737147,0.10413321099896497,0
252,Staten Island,Shore Acres,-74.06667766061771,40.60971934079284,1000.0,-1.0339295771544759,-0.34764364588050745,-0.06574889693975178,0.13126252932886073,-0.010589518626462398,0
253,Staten Island,Clifton,-74.072642445484,40.61917845202843,11230.0,-0.3646263998858898,0.44145008058227136,0.16954481278341238,-0.01884212619143154,0.5585716534794136,0
254,Staten Island,Concord,-74.08402364740358,40.6044731896879,8494.0,-0.9210480898797002,-0.31539811267161544,0.13998282609860951,-0.06169385989703272,-0.16731745230238662,0
255,Staten Island,Emerson Hill,-74.09776206972522,40.606794394801,11000.0,-1.0528999459414,-0.6370741888817835,-0.37751040890685494,-0.1464818751722461,-0.10350268334455669,0
256,Staten Island,Randall Manor,-74.09805062373887,40.63563000681151,7000.0,-0.7465386837494035,-0.19493915236414852,0.6276407319972668,-0.19970786787199565,-0.28278400971069473,0
257,Staten Island,Howland Hook,-74.18622331749823,40.63843283794795,2000.0,-1.3310648253509125,-0.7735155602581518,-0.7097213763320502,0.09862217015363405,-0.047243881447428006,0
258,Staten Island,Elm Park,-74.1418167896889,40.63014674119383,17000.0,-0.15504914093148417,0.3156325537205879,0.7266900220282996,0.03042218481610611,-0.19932393558540742,0
259,Brooklyn,Remsen Village,-73.91665331978048,40.65211745179349,500.0,-0.17437782760361567,1.0556241456946518,-0.27050679777804026,-0.5924597880241037,1.176597812239911,-1
260,Brooklyn,New Lots,-73.88511776379292,40.6627442796966,91958.0,-0.2603429111629848,1.0440701043581253,-0.8832082492615878,0.06026277673035866,-0.05682984198995471,-1
261,Brooklyn,Paerdegat Basin,-73.90233474295836,40.63131755039667,15000.0,-0.8277771276090602,0.32877861478383197,-0.21137282542320832,-0.0013004977237560682,0.4874009017036989,0
262,Brooklyn,Mill Basin,-73.91515391550404,40.61597423962336,11308.0,-0.5418252456462207,0.3164185453548597,0.6479649907563906,0.06417105270856795,0.33909591426657765,0
263,Queens,Jamaica Hills,-73.79646462081593,40.71145964370482,19569.0,0.6086703948875171,1.1615210253233557,-0.19666090942672376,0.03677634914635888,0.6398316007026295,-1
264,Queens,Utopia,-73.79671678028349,40.73350025429757,8906.0,-0.5988433486407282,0.04553512632354633,1.2841434011280228,0.47992338226186104,0.21316089403566726,-1
265,Queens,Pomonok,-73.80486120040537,40.73493618075478,17017.0,-0.9028097234226942,-0.2433147074464451,0.5104950999655254,0.34828063976961476,0.1198492523271317,0
266,Queens,Astoria Heights,-73.89467996270574,40.7703173929982,13907.0,-0.9592914666868012,-0.3581664229481636,0.0016625299752105582,-0.046751145300204855,-0.13876442102499748,0
267,Bronx,Claremont Village,-73.90119903387667,40.83142834161548,31078.0,0.22142476650741127,0.9437433574201339,-0.4420042896705591,0.055982572739615294,-0.35103956647287543,1
268,Bronx,Concourse Village,-73.91584652759009,40.824780490842905,31142.0,0.7932088658321987,1.1007774491822322,-0.8251784598655278,0.27314834246072384,-0.36393393496326126,1
269,Bronx,Mount Eden,-73.91655551964419,40.84382617671654,13000.0,0.5636494338661097,1.0107234027065128,-0.7023774507436962,0.32786226963374765,-0.5798978256908549,1
270,Bronx,Mount Hope,-73.90829930881988,40.84884160724665,51807.0,0.41197956731334534,0.9274899088166828,-0.8089963287872736,0.20496898806935124,-0.5112426047388781,1
271,Manhattan,Sutton Place,-73.96355614094303,40.76028033131374,18000.0,1.826830708628797,-0.7662581492563958,-0.015313957472512664,0.11439784892995679,-0.12708839545995568,4
272,Queens,Hunters Point,-73.95386782130745,40.743414090073536,21090.0,0.31242812323741953,-0.7871634414585786,0.28253432267653045,-0.3958836898936596,-0.09387565465945559,-1
273,Manhattan,Turtle Bay,-73.96770824581834,40.75204236950722,25616.0,1.902649433624108,-0.5293459180136509,-0.1551746480471614,0.4466315039375064,0.14089540500282277,4
274,Manhattan,Tudor City,-73.97121928722265,40.7469174107402,16000.0,1.620881829702091,-0.6432404647199428,-0.28831422095226505,0.42237502469197186,-0.022448616699244885,4
275,Manhattan,Stuyvesant Town,-73.97405170469203,40.73099955477061,10524.0,1.2518535611471007,-0.581318473331517,-0.07981067134328464,-0.4834019410311064,-0.009262668694886471,3
276,Manhattan,Flatiron,-73.9909471052826,40.739673047638426,23383.0,2.144068931719886,-0.6916550585341287,-0.3967376942461056,0.3341342475499115,0.20903427486684711,4
277,Queens,Sunnyside Gardens,-73.91819286431682,40.74565180608076,4000.0,0.43127983098330536,-0.21108386707704713,0.33898948816504654,-0.12351376363790498,-0.28180353925995666,5
278,Queens,Blissville,-73.93244235260178,40.73725071694497,900.0,-0.326669105779434,0.04222803626490735,0.5115059681547255,-0.041644016220952526,-0.08188499150067166,0
279,Brooklyn,Fulton Ferry,-73.99550751888415,40.70328109093014,1042.0,1.1600755290161804,-0.6624768970250287,-0.013507853327527294,-0.5068211323819806,0.0004772813307855129,3
280,Brooklyn,Vinegar Hill,-73.98111603592393,40.70332149882874,8624.0,0.6320233562856604,-0.36007697929215565,0.19305932718973798,-0.9201416659371564,-0.15337155462088015,-1
281,Brooklyn,Weeksville,-73.93053108817338,40.67503986503237,35000.0,0.7899229468245065,0.5369447952766742,-0.08278736947187158,-0.4790603841407403,0.30564054392390294,2
282,Brooklyn,Broadway Junction,-73.90331684852599,40.67786104769531,300.0,0.21091418080767607,0.9916844193676572,-0.35749649150657065,-0.5063579870936747,0.01623557245218613,-1
283,Brooklyn,Dumbo,-73.9887528074504,40.70317632822692,8624.0,0.7684640830904039,-0.5361063431814365,0.13398026511303737,-0.9528565855160184,-0.153909823693269,-1
284,Staten Island,Manor Heights,-74.12059399718001,40.60180957631444,3000.0,-1.2050179821235905,-0.5855287098767852,-0.4825778013972093,0.12665180746044144,0.01704026880476656,0
285,Staten Island,Willowbrook,-74.13208447484298,40.60370692627371,3000.0,-1.003315446220766,-0.4008160716345416,-0.1198826128845616,0.2613343001033615,0.018029097531308148,0
286,Staten Island,Sandy Ground,-74.21776636068567,40.541139922091766,50.0,-1.300336769491636,-0.7611554973033743,-0.3719527653443605,0.2433441893527021,-0.024931919336327504,0
287,Staten Island,Egbertville,-74.12727240604946,40.579118742961214,1000.0,-1.2169871538010222,-0.6659259100919337,-0.32333170781387677,0.1437044857910753,-0.10118009831720569,0
288,Queens,Roxbury,-73.89213760232822,40.56737588957032,2200.0,-1.4762498697303896,-0.802516056383197,-0.6628275789946594,0.05510154947300347,-0.00540242643110035,0
289,Brooklyn,Homecrest,-73.95918459428702,40.598525095137255,44316.0,0.2818455182041284,0.04535682741649859,0.588797097609768,0.6499913526022522,0.08531033713470128,0
290,Queens,Middle Village,-73.88114319200604,40.716414511158185,37929.0,-0.9236872137307428,-0.28061484381918506,0.5935308614354101,0.28991999350104064,0.006808554595823307,0
291,Staten Island,Prince's Bay,-74.20152556457658,40.52626406734812,6942.0,-1.2034142443186877,-0.6098813595061421,-0.333779911582061,0.1768715031487197,0.01455576098422215,0
292,Staten Island,Lighthouse Hill,-74.13792663771568,40.57650629379489,7678.0,-1.3539329811844136,-0.8132859063928752,-0.6843942616481548,0.04418194247025751,-0.004763965478194635,0
293,Staten Island,Richmond Valley,-74.22957080626941,40.51954145748909,4000.0,-0.5113520614681136,-0.1951940050040877,0.31963466219344355,-0.1381740869119101,-0.10012915594540922,0
294,Queens,Malba,-73.82667757138641,40.79060155670148,15000.0,-0.8684685964407897,-0.33410450200889125,-0.09170700771886056,0.19524440210825747,0.08000031995839943,0
295,Brooklyn,Highland Park,-73.890345709872,40.6819989345173,20000.0,-0.6600211472717245,0.7126277842603084,-0.585458762221923,-0.169496358724682,-0.3823653935179238,-1
296,Brooklyn,Madison,-73.94841515328893,40.60937770113766,38917.0,0.02387224500841111,0.16591497309967654,0.7089910599036574,0.2559389094059163,-0.16745464723559034,0
297,Bronx,Bronxdale,-73.86172577555115,40.85272297633017,35538.0,-0.10249542394847518,0.3509629701820568,0.49119773574605013,0.22673332557031858,-0.5359222513609629,0
298,Bronx,Allerton,-73.85931863221647,40.86578787802982,21242.0,-0.5073132666040002,1.0256786577294228,-0.38126912516966877,-0.06960975055522092,0.25733398559650084,-1
299,Bronx,Kingsbridge Heights,-73.90152264513144,40.8703923914147,32496.0,0.5206042476056767,1.0272833710267137,-0.11274766669072936,0.5057913356197166,-0.6206948934716277,1
300,Brooklyn,Erasmus,-73.94817709920184,40.64692606658579,29938.0,0.15663991940049013,0.9212705727252719,-0.6339935560131739,-0.3153957909596525,0.7887727082878034,-1
301,Manhattan,Hudson Yards,-74.00011136202637,40.75665808227519,23383.0,1.9189992338794515,-0.71638376743169,-0.08229151781694596,-0.004893911072311457,-0.16367243843015708,4
302,Queens,Hammels,-73.80553002968718,40.58733774018741,12295.0,-0.5326400765665911,-0.3934942048076385,-0.15338248212197145,-0.22175600858878425,-0.17002159910655432,0
303,Queens,Bayswater,-73.76596781445627,40.61132169128384,25029.0,-0.8536336765878905,-0.3503235301888743,-0.5816252173639739,0.12433422390702659,-0.011283392448062554,0
304,Queens,Queensbridge,-73.94563070334091,40.75609129709471,6677.0,0.23333215288286902,-0.019981995927691884,0.1832637715882975,-0.4259119703759678,0.043471077499816935,-1
305,Staten Island,Fox Hills,-74.08173992211962,40.61731079252983,11230.0,-0.6440736946026615,0.06001570368658886,-0.24674609188859517,0.010929064036185786,0.30590270472920794,0
