id,accounting,amusement_park,aquarium,art_gallery,bakery,bank,bar,beauty_salon,bicycle_store,book_store,bowling_alley,bus_station,cafe,campground,car_dealer,car_rental,car_repair,car_wash,cemetery,church,city_hall,clothing_store,convenience_store,courthouse,dentist,department_store,doctor,drugstore,electrician,electronics_store,embassy,fire_station,florist,funeral_home,furniture_store,gas_station,general_contractor,grocery_or_supermarket,gym,hair_care,hardware_store,health,hindu_temple,home_goods_store,hospital,insurance_agency,jewelry_store,laundry,lawyer,library,liquor_store,local_government_office,locksmith,lodging,mosque,movie_rental,movie_theater,moving_company,museum,night_club,painter,park,pet_store,pharmacy,physiotherapist,place_of_worship,plumber,police,post_office,primary_school,real_estate_agency,restaurant,roofing_contractor,school,secondary_school,shoe_store,shopping_mall,spa,stadium,storage,store,subway_station,supermarket,synagogue,taxi_stand,tourist_attraction,train_station,transit_station,travel_agency,university,veterinary_care,zoo
nyu_2451_34572.1,1,0,0,0,1,2,0,0,0,0,0,0,0,0,0,0,1,0,0,3,0,1,0,0,1,0,4,2,0,0,0,0,0,1,0,1,1,0,0,0,0,4,0,1,0,0,0,0,0,1,0,0,0,1,0,0,0,0,0,1,0,1,0,0,0,0,2,1,0,1,2,0,0,5,4,0,0,0,0,0,0,0,1,0,0,0,0,0,0,0,0,0
nyu_2451_34572.10,0,0,0,0,1,1,0,2,0,0,0,0,0,0,0,0,2,0,0,6,0,1,0,0,1,0,1,0,0,1,0,0,1,4,0,1,3,1,0,0,0,2,0,0,0,0,0,0,0,0,0,0,0,3,0,0,0,0,0,0,1,0,0,0,0,0,1,0,1,0,2,2,0,4,6,1,0,0,0,0,0,0,1,0,0,0,0,0,0,0,0,0
nyu_2451_34572.100,0,0,0,0,1,0,4,1,0,0,0,0,0,0,2,0,0,0,0,0,0,0,0,0,2,1,19,1,0,0,0,0,0,1,0,0,0,0,1,0,0,4,0,0,0,0,0,0,2,0,0,0,0,0,0,0,0,0,1,1,0,0,0,1,1,0,0,0,0,1,0,3,0,0,1,0,0,0,0,0,0,0,0,0,0,0,0,0,0,0,0,0
nyu_2451_34572.101,0,0,0,1,2,0,4,0,0,0,0,0,6,0,0,0,0,0,0,0,0,1,0,1,0,1,0,0,0,0,0,0,0,0,0,0,0,0,0,0,0,2,0,0,1,0,0,0,0,0,0,0,0,18,0,0,0,0,0,5,0,1,0,0,0,0,0,1,1,0,0,3,0,0,0,0,0,0,0,0,1,0,0,0,0,2,0,0,0,0,0,0
nyu_2451_34572.102,0,0,0,0,0,2,5,0,0,0,0,0,1,0,0,1,0,0,0,4,0,0,0,0,2,0,6,0,0,1,0,0,0,1,0,2,0,1,0,0,0,2,0,0,0,0,0,0,0,0,0,0,0,1,0,0,0,0,0,0,0,3,0,0,0,0,0,1,1,1,1,6,0,2,2,0,0,0,0,0,0,0,0,1,0,0,0,0,1,0,0,0
nyu_2451_34572.103,0,0,0,0,0,1,2,0,0,0,0,0,2,0,0,0,0,0,0,2,0,1,0,0,0,0,14,0,0,0,0,0,0,0,1,1,0,1,3,0,0,5,0,0,0,3,0,0,0,0,1,1,0,1,0,0,0,0,1,2,0,0,0,0,0,0,0,0,0,0,1,1,0,1,0,0,0,0,1,1,0,0,0,0,0,1,0,0,0,0,0,0
nyu_2451_34572.104,0,0,0,0,0,0,0,0,0,0,0,0,2,0,0,0,0,0,0,1,0,0,0,0,0,0,1,1,0,0,0,0,0,1,0,0,1,1,1,0,0,1,0,0,0,0,0,0,1,0,0,2,0,0,0,0,0,0,0,1,0,2,0,0,0,0,0,0,0,1,0,2,0,7,3,0,0,0,0,0,1,0,0,0,0,2,0,0,0,5,0,0
nyu_2451_34572.105,0,0,0,0,0,1,1,0,0,0,0,0,1,0,0,0,0,0,0,2,0,2,0,0,1,0,0,0,0,0,0,0,0,0,0,0,0,0,0,0,0,2,0,0,0,0,0,0,0,3,0,1,0,0,0,0,1,0,0,0,0,0,0,0,0,0,0,0,0,0,0,5,0,2,3,0,0,0,0,0,0,0,0,0,0,4,0,0,0,11,0,0
nyu_2451_34572.106,0,0,0,0,0,1,3,0,0,0,0,0,1,0,0,0,0,0,0,1,0,2,0,0,0,1,1,0,0,0,0,0,0,0,0,0,0,0,2,0,0,4,0,0,2,0,0,0,0,0,0,6,0,0,0,0,0,1,0,1,0,0,0,0,0,0,0,0,0,0,0,3,0,2,3,0,0,0,0,0,0,0,0,0,0,6,0,0,0,4,0,0
nyu_2451_34572.107,0,0,0,0,0,0,0,0,0,0,0,0,0,0,0,0,0,0,0,0,0,0,0,0,0,0,16,0,0,0,0,0,0,0,0,0,0,0,0,0,0,0,0,0,3,0,0,0,0,0,0,0,0,3,0,0,0,0,0,0,0,0,0,0,0,0,0,0,0,0,0,3,0,0,4,0,0,0,0,0,0,0,0,0,0,2,0,0,0,0,0,0
nyu_2451_34572.108,0,0,0,1,1,0,3,0,0,0,0,0,3,0,0,0,0,0,0,0,0,1,0,0,0,0,16,0,0,1,2,0,0,0,0,0,0,0,0,0,0,0,0,0,2,0,0,0,0,1,0,0,0,4,0,0,1,0,1,0,0,1,0,0,0,0,0,0,0,0,0,3,0,0,3,0,0,0,0,0,1,0,0,0,0,5,0,0,0,2,0,0
nyu_2451_34572.109,0,0,0,0,1,0,4,0,0,0,0,0,0,0,0,0,0,0,0,0,0,2,0,0,0,1,5,0,0,1,0,0,0,0,0,0,0,1,3,0,0,0,0,0,0,0,0,0,0,1,0,0,0,2,0,0,1,0,0,0,0,0,1,0,0,0,0,0,0,0,0,8,0,2,4,0,0,0,0,0,1,0,0,0,0,2,0,0,0,0,0,0
nyu_2451_34572.11,0,0,0,0,0,0,1,0,0,0,0,0,1,0,0,0,0,0,0,0,0,2,0,0,2,2,15,2,0,0,0,0,0,0,1,0,0,0,1,0,1,2,0,0,0,0,0,0,0,1,0,1,0,1,0,0,1,0,0,0,1,0,0,0,1,0,0,0,0,0,0,1,0,2,2,2,1,0,0,2,2,0,0,0,0,0,0,0,0,0,0,0
nyu_2451_34572.110,0,0,0,1,1,0,1,0,0,0,0,0,2,0,0,0,0,0,0,0,0,0,0,0,0,0,28,0,0,0,0,0,0,0,0,0,0,0,0,0,0,1,0,0,2,0,0,0,1,1,0,0,0,6,0,0,0,0,1,1,0,0,0,0,0,0,0,0,0,0,0,4,0,1,2,0,0,0,0,0,0,0,0,0,0,0,0,0,0,3,0,0
nyu_2451_34572.111,0,0,0,0,0,0,0,0,0,0,0,0,0,0,0,0,0,0,0,0,0,0,0,0,1,0,47,0,0,0,0,0,0,0,0,0,0,0,0,0,0,1,0,0,0,0,0,0,1,0,0,0,0,3,0,0,0,0,0,0,0,0,0,0,0,0,0,0,0,0,0,0,0,0,1,0,0,0,0,0,0,0,0,0,0,1,0,0,0,1,0,0
nyu_2451_34572.112,0,0,0,0,2,0,9,0,0,1,0,0,2,0,0,0,0,0,0,2,0,1,0,0,0,0,1,0,0,1,0,0,0,0,0,0,1,1,3,0,0,0,0,0,0,0,0,0,0,1,0,0,0,10,0,0,1,0,1,0,0,0,0,0,0,0,0,0,0,1,0,7,0,1,0,0,0,0,0,0,2,0,0,0,0,3,0,0,0,0,0,0
nyu_2451_34572.113,0,0,0,0,2,0,5,0,0,0,0,0,1,0,0,0,0,0,0,0,0,2,0,0,0,2,0,0,0,2,0,0,0,0,0,0,0,3,1,0,0,1,0,0,1,0,0,0,0,0,0,0,0,8,0,0,2,0,0,1,0,0,0,0,0,0,0,0,0,0,0,7,0,0,0,0,2,1,0,0,1,0,0,0,0,3,0,0,0,3,0,0
nyu_2451_34572.114,0,0,0,0,0,0,0,0,0,1,0,0,0,0,0,0,0,0,0,0,0,0,0,0,0,0,0,0,0,1,0,0,0,0,0,0,0,1,0,0,0,0,0,1,0,0,0,0,0,0,0,0,0,39,0,0,3,0,1,1,0,0,0,0,0,0,0,0,0,0,0,4,0,1,0,0,0,0,0,0,0,0,0,0,0,3,0,0,0,0,0,0
nyu_2451_34572.115,0,0,0,0,0,1,3,0,0,2,0,0,3,0,0,0,0,0,0,0,0,1,0,0,0,0,0,0,0,1,0,0,0,0,0,0,0,0,2,0,0,0,0,0,0,0,0,0,1,1,0,0,0,24,0,0,0,0,0,0,0,0,0,0,0,0,0,0,1,0,0,8,0,0,0,0,0,0,0,0,0,0,0,0,0,0,0,0,0,1,0,0
nyu_2451_34572.116,1,0,0,1,1,1,3,0,0,0,0,0,1,0,0,0,0,0,0,0,0,0,0,0,1,0,3,0,0,0,0,0,0,0,0,0,0,0,1,0,0,1,0,0,0,1,0,0,6,0,0,1,0,10,0,0,0,0,0,0,0,0,0,0,0,0,0,0,0,0,0,8,0,0,0,0,0,1,0,0,0,0,0,0,0,1,0,0,1,0,0,0
nyu_2451_34572.117,0,0,0,1,1,0,8,0,0,1,0,0,1,0,0,0,0,0,0,0,0,1,0,0,0,0,0,1,0,2,0,0,0,0,0,0,2,0,0,0,0,0,0,0,0,1,0,0,2,0,0,0,0,10,0,0,1,1,1,2,0,0,0,0,0,0,0,0,0,0,3,2,0,1,0,0,0,0,0,0,0,0,0,0,0,0,0,0,0,0,0,0
nyu_2451_34572.118,0,0,0,0,3,0,11,0,0,0,0,0,2,0,0,0,0,0,0,0,0,6,0,0,0,1,0,0,0,2,0,0,0,0,0,0,0,0,0,0,0,0,0,0,0,0,0,0,0,1,0,0,0,5,0,0,2,0,0,2,0,1,0,0,0,0,0,0,0,0,0,8,0,0,0,1,0,1,0,0,1,0,0,0,0,1,0,0,0,3,0,0
nyu_2451_34572.119,0,0,0,0,3,0,6,0,0,0,0,0,2,0,0,0,0,0,0,0,0,2,0,0,0,0,0,0,0,0,0,0,0,0,0,0,0,2,1,1,0,1,0,0,1,0,0,0,0,0,1,0,0,7,0,0,3,0,1,9,0,0,0,0,0,0,0,0,0,0,0,9,0,0,0,1,0,0,0,0,1,0,0,0,0,1,0,0,0,0,0,0
nyu_2451_34572.12,0,0,0,0,0,1,0,0,0,0,0,0,1,0,0,0,0,0,0,0,0,0,0,0,8,0,34,0,0,0,0,0,0,0,0,0,0,0,0,0,0,5,0,0,2,0,0,0,0,0,0,1,0,0,0,0,0,0,0,0,0,0,0,0,0,0,0,0,0,0,0,0,0,2,3,0,0,0,0,0,0,0,0,0,0,0,0,0,0,0,0,0
nyu_2451_34572.120,0,0,0,1,2,0,18,0,0,0,0,0,2,0,0,0,0,0,0,0,0,0,0,0,0,0,0,0,0,0,0,0,0,0,0,0,0,0,1,0,0,0,0,0,1,0,0,0,0,0,0,0,0,5,0,0,0,0,0,5,0,0,0,0,0,0,0,0,0,0,0,7,0,0,2,0,0,0,0,0,2,0,0,0,0,4,0,0,0,0,0,0
nyu_2451_34572.121,0,0,0,0,2,0,6,1,0,0,0,0,0,0,0,0,0,0,0,0,0,1,0,0,0,0,0,0,0,0,0,0,0,0,0,0,0,1,2,0,0,0,0,1,0,0,1,0,0,0,0,0,0,12,0,0,2,0,2,0,0,0,0,0,0,0,0,0,1,0,0,9,0,0,1,1,0,2,0,0,3,0,0,0,0,0,0,0,0,1,0,0
nyu_2451_34572.122,0,0,0,0,4,1,4,0,0,0,0,0,4,0,0,0,0,0,0,0,0,3,0,1,0,1,0,0,0,0,0,0,0,0,1,0,0,0,0,0,0,2,0,1,0,0,0,0,0,0,0,0,0,13,0,0,0,0,0,3,0,0,0,1,0,0,0,0,0,0,0,3,0,0,1,3,0,0,0,0,1,0,0,0,0,1,0,0,0,0,0,0
nyu_2451_34572.123,0,0,0,0,5,1,6,0,0,0,0,0,3,0,0,0,0,0,0,0,0,5,0,0,0,1,0,0,0,2,0,0,0,0,1,0,0,0,0,0,0,1,0,1,0,0,0,0,0,0,0,0,0,12,0,0,0,0,0,1,0,0,0,0,0,0,0,0,0,0,0,3,0,0,0,3,0,1,0,0,3,0,0,0,0,0,0,0,0,0,0,0
nyu_2451_34572.124,0,0,0,0,1,0,15,0,0,0,0,0,2,0,0,0,0,0,0,0,0,1,0,0,0,0,0,0,0,0,0,0,0,0,0,0,0,1,1,0,0,0,0,0,0,0,0,0,0,0,0,0,0,1,0,0,1,0,0,4,0,0,0,0,0,0,0,0,0,0,0,25,0,1,0,0,0,0,0,0,0,0,0,0,0,0,0,0,0,0,0,0
nyu_2451_34572.125,0,0,0,0,3,2,2,0,0,0,0,0,1,0,0,0,0,0,0,0,0,1,0,0,0,2,2,0,0,1,0,0,0,0,1,0,0,1,0,0,0,0,0,0,0,0,1,0,1,0,0,0,0,10,0,0,0,0,0,2,0,0,0,0,0,0,0,0,0,1,1,5,0,1,0,0,0,0,0,0,0,0,0,0,0,2,0,0,0,0,0,0
nyu_2451_34572.126,1,0,0,0,2,1,2,0,0,1,0,0,1,0,0,0,0,0,0,1,0,0,0,0,0,0,1,0,0,0,0,0,0,0,0,0,0,0,0,0,0,2,0,0,0,0,1,0,0,4,0,0,0,1,0,0,0,0,0,1,0,1,0,0,0,0,0,0,0,2,1,8,0,2,0,0,0,0,0,0,0,0,0,0,0,3,0,0,0,8,0,0
nyu_2451_34572.127,0,0,0,0,1,1,6,0,1,1,0,0,0,0,0,0,0,0,0,0,0,1,0,0,1,1,0,0,0,1,0,0,0,0,0,0,0,1,0,1,0,1,0,2,1,0,0,0,0,0,0,0,0,16,0,0,1,0,1,2,0,1,0,0,0,0,0,0,0,0,0,11,0,0,0,0,0,0,0,0,2,0,0,0,0,1,0,0,0,0,0,0
nyu_2451_34572.128,0,0,0,0,0,0,4,0,0,1,0,0,0,0,0,0,0,0,0,1,2,0,0,0,1,1,0,1,0,0,0,0,0,0,0,0,0,1,2,0,0,0,0,0,0,0,1,0,2,0,0,2,0,14,0,0,1,0,1,1,0,0,0,0,0,0,0,0,0,0,0,2,0,1,1,0,0,0,0,0,1,0,0,0,0,4,0,0,0,0,0,0
nyu_2451_34572.129,1,0,0,0,0,0,5,0,0,0,0,0,0,0,0,0,0,0,0,1,2,0,0,0,0,1,0,1,0,0,0,0,0,0,0,0,0,0,1,0,0,1,0,0,0,0,0,0,0,0,0,1,0,17,0,0,0,0,1,0,0,1,0,0,0,0,0,0,0,0,2,2,0,0,0,0,0,0,0,0,1,0,0,0,0,5,0,0,0,0,0,0
nyu_2451_34572.13,1,0,0,1,0,0,6,2,0,0,0,0,0,0,0,0,0,0,0,2,0,0,0,0,0,0,1,0,0,1,0,0,0,0,0,1,4,0,0,0,1,1,0,1,0,1,0,1,0,0,0,0,0,0,0,0,0,0,0,0,2,1,0,0,0,0,1,0,1,0,0,1,0,0,0,0,0,0,0,0,1,0,0,0,0,0,0,0,1,0,0,0
nyu_2451_34572.130,0,0,0,0,1,2,3,1,0,0,0,0,2,0,1,0,0,0,0,0,0,0,0,0,0,0,10,0,0,0,0,0,0,0,1,0,0,0,3,1,0,2,0,0,1,0,0,0,1,0,1,0,0,1,0,0,0,0,0,1,0,0,0,0,0,0,0,1,0,0,1,13,0,0,0,0,0,1,0,0,1,0,1,0,0,0,0,0,0,0,0,0
nyu_2451_34572.131,1,0,0,0,2,1,2,1,0,0,1,0,1,0,0,0,2,0,0,1,0,0,0,0,1,0,1,0,1,1,0,0,0,1,1,0,0,1,0,0,0,5,0,1,0,1,1,0,0,1,1,0,0,1,1,0,0,0,0,2,0,0,0,1,0,0,0,0,1,0,0,6,0,0,1,0,0,0,0,0,0,0,0,0,0,0,0,0,0,0,0,0
nyu_2451_34572.132,0,0,0,0,0,0,2,0,0,0,0,0,0,0,2,0,0,0,0,0,0,0,0,0,0,0,41,0,0,0,0,0,0,0,0,0,0,0,0,0,0,0,0,0,0,0,0,0,0,0,0,0,0,1,0,0,0,0,0,0,0,0,0,0,0,0,0,0,1,0,0,1,0,3,0,0,0,0,0,0,0,0,0,0,0,0,0,0,0,0,0,0
nyu_2451_34572.133,0,0,0,0,0,0,2,0,0,0,0,0,0,0,0,0,0,0,0,0,0,0,0,0,0,0,40,1,0,0,0,0,0,0,0,0,0,0,0,0,0,3,0,0,0,0,0,0,0,0,0,1,0,2,0,0,0,0,0,0,0,0,0,0,0,0,0,0,1,0,0,3,0,2,0,0,0,0,0,0,0,0,1,0,0,0,0,0,0,0,0,0
nyu_2451_34572.134,0,0,0,0,1,0,2,0,0,0,0,0,1,0,0,0,0,0,0,0,0,1,0,0,4,0,5,0,0,0,0,1,0,0,0,0,2,0,2,3,0,4,0,2,0,0,0,0,1,0,0,0,0,1,0,0,0,0,0,0,0,0,1,0,0,0,0,0,1,0,0,4,0,0,0,0,0,0,0,0,2,0,0,0,0,0,0,0,2,0,0,0
nyu_2451_34572.135,2,0,0,0,1,1,0,1,0,1,0,0,0,0,1,0,1,0,0,2,0,0,0,0,1,0,4,0,0,0,0,0,0,1,2,0,0,0,0,0,0,2,0,0,0,0,0,0,0,1,0,0,0,2,1,0,0,0,0,0,0,0,0,0,0,0,0,0,0,0,0,3,0,3,1,0,0,1,0,0,1,0,0,0,0,2,0,0,0,0,0,1
nyu_2451_34572.136,0,0,0,0,1,0,0,0,0,0,0,0,0,0,0,0,0,0,0,0,0,2,0,0,3,0,16,0,0,0,0,0,0,0,0,0,0,0,1,0,0,7,0,0,1,0,0,0,0,0,0,0,0,0,0,0,1,0,0,0,0,0,0,0,1,0,0,0,1,0,0,8,0,2,1,0,0,0,0,0,2,0,0,0,0,0,0,0,0,1,0,0
nyu_2451_34572.137,0,0,0,0,0,1,1,0,0,0,0,0,0,0,0,0,0,0,1,1,0,0,0,1,3,0,4,1,0,0,0,0,0,0,0,0,0,0,1,0,0,1,0,0,0,0,0,1,7,1,0,3,0,0,0,0,1,0,0,1,0,0,0,1,0,0,0,2,0,1,1,2,0,0,0,0,0,1,0,0,0,0,0,0,0,0,0,0,0,0,0,0
nyu_2451_34572.138,1,0,0,0,0,0,0,1,0,0,0,0,0,0,0,0,4,0,0,4,0,1,0,0,2,0,7,1,0,0,0,0,0,1,0,0,2,0,0,0,0,2,1,0,0,0,0,0,2,1,0,0,0,0,0,0,0,0,0,1,0,0,0,1,0,0,1,1,0,1,3,4,0,0,1,0,0,0,0,0,1,0,0,0,0,0,0,0,1,0,1,0
nyu_2451_34572.139,0,0,0,0,0,0,1,0,0,0,0,0,0,0,0,0,0,0,1,0,0,2,0,0,2,2,13,0,0,0,0,0,0,0,0,0,0,0,0,0,0,0,0,0,0,0,0,0,6,0,0,0,0,8,0,0,0,0,0,0,0,0,0,0,1,0,0,0,0,0,1,1,0,0,1,0,2,1,0,0,1,0,0,0,0,0,0,0,1,0,0,0
nyu_2451_34572.14,0,0,0,0,0,1,0,0,0,0,0,0,0,0,0,0,0,0,0,0,0,0,0,0,8,0,20,0,0,0,0,0,0,1,0,0,0,0,0,0,0,2,0,0,1,0,0,0,1,0,0,1,0,1,0,0,0,0,1,0,0,1,0,0,0,0,0,1,0,2,0,1,0,4,0,0,0,0,1,0,1,0,0,0,0,0,0,0,0,1,0,0
nyu_2451_34572.140,0,0,0,0,0,1,2,0,0,0,0,0,0,0,0,0,0,0,0,0,0,1,0,0,0,0,0,0,0,2,0,0,0,0,0,0,1,0,1,0,0,2,0,1,0,0,0,0,0,0,0,0,0,14,0,0,0,0,0,2,0,0,0,0,1,0,0,0,0,0,2,2,0,1,4,0,0,0,0,0,3,0,0,0,0,0,0,0,0,2,0,0
nyu_2451_34572.141,0,0,0,0,1,1,0,1,0,1,0,0,1,0,0,0,0,0,0,0,0,0,0,0,0,0,2,1,0,0,0,0,0,0,0,0,1,0,2,0,0,2,0,0,1,0,1,0,1,0,0,0,0,3,0,0,0,0,0,0,0,0,0,0,0,0,0,0,0,0,1,4,0,2,4,1,0,1,0,0,0,0,0,0,0,1,0,0,0,1,0,0
nyu_2451_34572.142,0,0,0,0,1,1,2,0,0,0,0,0,1,0,1,4,2,0,0,2,0,0,0,0,0,0,0,0,0,3,0,0,0,1,1,0,4,0,1,0,1,4,0,0,0,0,0,1,1,1,0,0,0,5,0,0,1,0,0,1,0,0,0,0,0,0,1,0,1,1,2,2,0,1,0,0,0,1,0,0,0,0,1,0,0,0,0,0,0,0,0,0
nyu_2451_34572.143,0,0,0,0,1,0,3,2,0,0,0,0,0,0,0,0,1,0,1,1,0,2,0,0,1,0,4,0,0,0,0,0,0,0,1,2,4,1,1,0,1,3,0,1,0,1,1,0,0,0,0,0,0,3,0,0,0,1,0,0,0,0,0,0,0,0,0,0,0,0,2,1,0,1,2,0,0,0,0,0,1,0,0,0,0,0,0,0,1,0,0,0
nyu_2451_34572.144,1,0,0,0,0,2,4,0,0,0,0,0,0,0,0,1,1,0,0,2,0,0,1,0,3,0,9,0,0,0,0,0,0,0,1,0,1,0,1,1,0,3,0,0,0,1,0,0,0,0,1,0,0,0,0,0,0,0,0,0,0,1,0,0,0,0,0,0,0,1,0,3,0,2,1,0,1,0,0,0,1,0,0,0,0,1,0,0,0,0,0,0
nyu_2451_34572.145,1,0,0,0,1,0,2,1,1,0,0,0,1,0,0,1,0,0,0,0,0,6,0,0,3,0,0,0,0,0,0,0,0,2,0,1,2,0,2,0,0,1,0,1,0,1,0,1,1,0,0,0,0,1,0,0,0,0,0,0,0,0,0,0,0,0,0,0,0,1,0,3,0,3,0,1,1,0,0,0,2,0,0,0,0,0,0,0,0,0,0,0
nyu_2451_34572.146,0,0,0,0,0,1,1,0,0,0,0,0,2,0,0,0,0,0,0,0,0,1,0,0,1,4,17,0,0,0,0,0,0,0,0,0,0,1,0,0,0,2,0,0,1,1,0,0,0,0,0,3,0,0,0,0,0,0,0,0,0,0,0,1,0,0,0,0,0,1,1,1,0,1,0,0,0,0,0,0,2,0,1,0,0,0,0,0,0,1,0,0
nyu_2451_34572.147,1,0,0,0,2,1,1,0,0,0,0,0,0,0,0,0,1,0,0,4,0,2,0,0,2,0,1,0,1,3,0,0,0,1,0,0,2,1,0,0,0,1,0,1,0,2,0,1,0,1,0,0,0,1,0,0,0,0,0,0,0,2,0,1,0,0,0,0,0,2,2,1,0,5,3,0,0,0,0,1,2,0,0,0,0,0,0,0,0,0,1,0
nyu_2451_34572.148,1,0,0,0,0,1,0,0,0,0,0,0,0,0,0,0,1,0,0,1,0,0,0,0,0,1,1,2,2,1,0,0,0,1,2,0,2,1,0,0,0,4,0,1,0,0,0,0,1,1,0,0,0,1,0,0,0,0,0,0,0,1,0,0,0,0,0,1,1,1,1,3,0,1,1,0,0,0,0,0,4,0,2,0,0,0,0,0,0,0,0,0
nyu_2451_34572.149,0,0,0,0,1,1,0,0,0,0,0,0,1,0,0,2,0,0,0,1,0,0,0,0,2,0,1,0,0,2,0,0,0,0,0,2,4,0,0,0,0,1,0,0,0,0,0,0,2,1,0,0,0,4,0,0,0,0,0,0,0,1,0,0,0,0,0,0,1,0,0,3,0,0,0,0,0,0,0,0,3,0,0,0,0,0,0,0,1,0,0,0
nyu_2451_34572.15,0,0,0,0,0,0,1,0,0,0,0,0,0,0,0,0,0,0,0,0,0,0,0,0,6,0,35,0,0,0,0,0,0,0,0,0,1,0,0,0,0,0,0,1,3,0,0,0,0,0,0,0,0,1,0,0,0,0,0,0,0,0,0,0,0,0,0,0,0,1,0,1,0,4,0,0,0,0,0,0,0,0,0,0,0,0,0,0,0,0,0,0
nyu_2451_34572.150,0,0,0,0,1,1,0,0,0,0,0,0,0,0,1,0,1,0,0,2,0,1,0,0,0,1,5,0,0,0,0,0,1,0,3,0,0,2,1,0,0,2,0,1,0,1,0,1,0,0,0,0,0,1,0,0,0,1,0,0,0,0,1,1,1,0,1,0,0,1,0,2,0,1,0,0,0,1,0,0,2,0,1,0,0,0,0,0,0,0,0,0
nyu_2451_34572.151,2,0,0,0,0,0,0,1,0,0,0,0,0,0,0,0,1,0,0,1,0,0,0,0,1,0,2,1,0,0,0,0,0,0,0,0,8,0,1,2,0,8,0,3,0,1,0,0,2,1,0,0,0,0,0,0,0,0,0,0,0,2,0,1,1,0,0,0,0,1,0,3,0,2,0,0,0,0,0,0,3,0,1,0,0,0,0,0,0,0,1,0
nyu_2451_34572.152,0,0,0,0,1,1,5,0,0,0,0,0,1,0,3,0,1,0,0,1,0,0,0,0,3,0,15,0,0,1,0,0,0,0,0,0,0,0,1,0,0,2,0,0,0,1,0,0,0,0,0,0,0,1,0,0,0,0,0,0,0,1,1,0,1,0,0,0,0,0,2,5,0,1,0,0,0,1,0,0,0,0,0,0,0,0,0,0,0,0,2,0
nyu_2451_34572.153,0,0,0,0,1,1,1,0,1,0,0,0,1,0,0,1,2,0,0,1,0,0,0,0,4,0,6,1,0,1,0,0,0,2,0,0,2,0,2,0,0,3,0,2,0,2,0,0,1,0,0,0,0,0,0,0,0,0,0,0,0,0,1,0,1,0,0,0,0,1,1,5,0,3,0,0,0,0,0,0,1,0,0,0,0,0,0,0,0,0,1,0
nyu_2451_34572.154,0,0,0,0,1,1,2,0,0,0,0,0,1,0,3,1,0,0,0,3,0,0,0,0,8,0,13,0,0,1,0,0,0,0,0,0,0,0,0,0,0,6,0,0,0,0,0,0,0,0,1,1,0,0,0,0,0,0,0,0,0,0,0,1,0,0,0,0,0,0,3,0,0,2,0,0,0,0,0,0,0,0,0,1,0,0,0,0,0,0,0,0
nyu_2451_34572.155,0,0,0,0,1,1,1,0,0,0,0,0,1,0,1,0,1,0,0,2,0,0,0,0,5,0,4,0,0,0,0,0,0,0,0,0,0,0,1,1,0,5,0,0,0,1,0,1,2,0,1,1,0,0,0,1,0,0,0,0,0,1,0,1,0,0,0,0,0,0,4,2,0,3,0,0,0,0,0,0,1,0,0,0,0,0,0,0,1,0,0,0
nyu_2451_34572.156,0,0,0,0,0,0,0,0,0,0,0,0,0,0,0,0,0,0,0,0,0,1,0,0,1,0,51,0,0,0,0,0,0,0,0,0,0,0,0,0,0,0,0,0,3,0,0,0,0,0,0,0,0,0,0,0,0,0,0,0,0,0,0,0,0,0,0,0,0,0,0,0,0,0,0,0,0,0,0,0,0,0,0,0,0,1,0,0,0,0,0,0
nyu_2451_34572.157,2,0,0,0,0,0,1,0,0,0,0,0,0,0,2,0,1,0,0,0,0,0,0,0,4,0,1,0,0,2,0,0,1,0,1,1,2,1,0,1,0,3,0,0,0,5,0,0,2,0,0,1,0,2,0,0,0,1,0,0,0,0,0,0,2,1,0,0,0,1,1,1,1,1,0,0,0,1,0,0,0,0,0,0,0,0,0,0,0,0,0,0
nyu_2451_34572.158,0,0,0,0,0,0,1,0,0,0,0,0,1,0,0,0,0,0,0,0,0,0,0,0,3,0,5,1,0,1,0,0,0,0,0,1,0,0,0,0,0,5,0,1,0,2,0,2,1,0,0,0,0,1,0,0,1,0,0,0,0,0,0,0,0,0,0,0,0,3,2,3,0,6,2,0,0,0,0,0,1,0,2,0,0,0,0,0,0,1,0,0
nyu_2451_34572.159,0,0,0,0,0,1,1,0,0,0,0,0,1,0,0,0,1,0,0,0,0,0,0,0,3,1,7,2,0,0,0,0,0,0,0,0,0,0,2,0,0,0,0,0,0,0,0,0,3,1,0,0,0,0,0,0,1,0,0,0,0,1,0,1,1,0,0,0,0,0,4,4,0,2,0,1,1,0,0,0,0,0,1,1,0,0,0,0,0,0,1,0
nyu_2451_34572.16,0,0,0,0,0,0,0,0,0,0,0,0,0,0,0,0,0,0,0,0,0,0,0,0,0,0,42,0,0,0,0,0,0,0,0,0,0,0,0,0,0,1,0,0,1,0,0,0,0,0,0,0,0,0,0,0,0,0,0,0,0,0,0,0,0,0,0,0,0,0,0,1,0,0,0,0,0,0,0,0,0,0,0,0,0,0,0,0,0,0,0,0
nyu_2451_34572.160,0,0,0,0,1,0,1,0,0,0,0,0,1,0,0,1,3,0,0,3,0,0,0,1,4,0,5,0,0,0,0,0,0,0,0,0,0,0,0,0,0,1,0,0,0,0,0,1,2,0,0,2,0,6,0,0,0,1,0,0,0,0,0,0,0,0,0,0,0,0,4,1,0,3,3,0,0,0,0,0,1,0,1,0,0,0,0,0,0,0,0,0
nyu_2451_34572.161,0,0,0,0,0,1,0,0,0,0,0,0,0,0,0,0,0,0,0,0,0,2,0,1,1,1,4,0,0,0,0,0,0,0,0,1,2,0,2,0,1,5,0,0,0,0,2,0,3,1,0,3,0,1,1,0,1,0,0,0,0,0,0,0,0,0,0,0,0,0,2,2,0,1,3,2,0,0,0,0,1,0,0,0,0,0,0,0,1,1,0,0
nyu_2451_34572.162,1,0,0,0,2,3,0,2,0,0,0,0,1,0,1,0,0,0,0,0,0,1,0,0,4,0,0,1,0,0,0,1,0,0,0,1,1,0,0,0,0,0,0,0,0,1,0,0,1,0,0,0,0,0,0,0,0,0,0,0,1,0,0,0,0,0,0,0,1,2,1,4,0,3,1,0,0,0,0,0,2,0,0,0,0,1,0,0,0,0,0,1
nyu_2451_34572.163,2,0,0,0,0,4,0,0,0,0,0,0,0,0,0,0,4,0,0,2,0,0,0,0,4,0,3,0,0,1,0,0,0,2,0,0,0,0,0,0,0,4,0,0,0,2,1,0,1,1,0,0,0,0,0,0,0,0,0,0,0,0,0,1,0,0,0,1,0,0,1,2,0,2,0,1,0,0,0,0,1,0,0,0,0,0,0,0,1,0,0,0
nyu_2451_34572.164,1,0,0,0,0,0,1,3,0,0,0,0,0,0,1,0,3,0,0,3,0,0,0,0,1,0,1,0,0,0,0,1,0,0,2,0,4,0,0,0,0,3,1,0,0,0,0,0,0,0,0,0,0,0,0,0,0,0,0,0,0,1,0,2,0,0,1,0,1,0,3,0,0,1,0,0,0,0,0,1,1,0,0,0,0,0,0,0,0,0,0,0
nyu_2451_34572.165,1,0,0,0,0,1,0,2,0,0,0,0,0,0,0,0,3,0,0,7,0,0,0,0,1,0,2,0,0,1,0,0,0,0,0,1,1,0,1,1,1,1,0,0,0,0,0,0,0,0,0,2,0,0,0,0,0,0,0,0,0,1,0,0,0,0,0,0,0,2,0,1,0,4,1,0,0,0,0,0,1,0,0,0,0,0,0,0,0,1,0,0
nyu_2451_34572.166,3,0,0,1,0,0,0,0,0,0,0,0,0,0,0,0,1,0,0,2,0,0,0,0,0,0,5,0,0,1,0,0,0,1,0,0,1,0,0,1,0,2,0,0,0,0,1,0,0,0,0,1,0,0,0,0,0,1,0,0,0,0,0,0,0,0,0,0,1,0,7,2,0,4,0,1,0,1,0,0,2,0,0,0,0,0,0,0,0,0,0,0
nyu_2451_34572.167,0,0,0,0,1,1,0,1,0,0,0,0,1,0,0,0,0,0,0,1,0,0,0,0,0,0,4,0,0,2,0,0,0,0,0,1,2,0,0,0,0,2,0,0,0,1,0,0,0,2,0,1,0,0,0,0,0,1,0,0,0,2,0,2,0,0,0,0,2,1,1,3,0,1,0,1,1,0,0,0,2,0,1,0,0,0,0,0,1,0,0,0
nyu_2451_34572.168,0,0,0,0,2,1,0,0,0,0,0,0,0,0,0,0,1,0,0,1,0,1,0,0,0,0,0,0,0,0,0,1,0,0,0,3,1,0,1,0,0,0,0,0,0,0,1,0,0,0,0,0,0,4,0,0,0,1,0,0,0,0,0,0,1,0,1,0,0,0,1,1,1,2,4,0,0,0,0,1,0,0,0,0,0,0,0,0,0,0,0,0
nyu_2451_34572.169,1,0,0,0,2,0,0,0,0,0,0,0,0,0,0,0,0,0,0,4,0,2,1,0,0,0,2,0,0,1,0,0,1,0,1,0,3,0,0,0,0,5,0,0,0,2,0,0,0,0,0,0,0,0,0,0,0,1,0,0,0,0,0,2,0,0,0,0,1,0,0,0,0,3,0,0,0,0,0,0,1,0,0,0,0,1,0,0,1,0,0,0
nyu_2451_34572.17,0,0,0,0,0,2,0,0,0,0,0,0,1,0,0,0,1,0,0,0,0,1,0,0,2,1,11,1,0,1,0,0,0,0,2,0,0,0,1,1,0,0,0,0,1,0,0,0,0,0,0,2,0,1,0,0,0,0,1,0,0,0,0,0,0,0,0,0,1,0,0,1,0,7,4,1,0,0,0,0,1,0,1,0,0,0,0,0,0,2,1,0
nyu_2451_34572.170,0,0,0,0,0,3,0,1,0,0,0,0,0,0,0,0,0,0,0,0,0,1,0,0,3,2,4,1,1,1,0,0,0,0,1,1,0,0,0,1,2,1,0,0,0,0,0,0,0,1,1,0,0,0,0,0,0,0,0,0,0,1,0,1,0,0,0,0,1,3,3,1,0,4,0,0,0,0,0,0,1,0,0,0,0,0,0,0,0,0,0,0
nyu_2451_34572.171,1,0,0,0,1,0,0,0,0,0,0,0,0,0,0,0,1,0,0,5,0,0,0,0,1,0,4,1,0,1,0,0,1,0,0,0,1,0,0,0,0,3,0,0,1,0,0,0,1,1,0,2,0,0,0,0,0,0,0,0,0,0,0,2,0,1,0,1,0,1,1,2,0,2,2,0,0,0,0,0,0,0,0,1,0,0,0,0,0,1,0,0
nyu_2451_34572.172,0,0,0,0,1,0,3,1,0,1,0,0,0,0,0,0,1,0,0,0,0,0,1,0,0,0,1,0,0,0,0,1,0,1,0,0,4,1,0,0,0,3,0,1,0,0,0,0,0,1,1,0,0,2,0,0,0,1,0,0,0,2,0,0,0,0,0,0,0,0,2,1,0,0,0,0,0,0,0,0,4,0,0,0,0,1,0,4,0,0,0,0
nyu_2451_34572.173,1,0,0,0,0,0,1,1,0,0,0,0,0,0,0,0,0,0,0,2,0,1,0,0,0,0,1,0,0,0,0,1,0,0,0,0,6,0,0,0,0,1,0,0,0,0,0,0,0,0,0,0,1,0,0,0,0,0,0,0,0,1,0,0,0,0,0,0,0,0,0,1,0,2,0,0,0,0,0,0,0,0,1,0,0,1,0,0,1,0,0,0
nyu_2451_34572.174,0,0,0,0,1,2,2,1,0,0,1,0,2,0,0,1,1,0,0,1,0,0,0,0,1,0,0,2,0,1,0,0,0,2,0,0,2,0,3,1,0,3,0,0,0,0,0,0,1,0,2,1,1,1,0,0,0,0,0,2,0,0,0,0,0,0,0,0,1,0,0,6,0,3,1,0,0,0,0,0,1,0,0,0,0,0,0,0,0,0,0,0
nyu_2451_34572.175,0,0,0,0,0,1,0,3,0,0,0,0,0,0,0,0,2,0,0,0,0,1,0,0,1,0,4,0,0,0,0,0,0,0,0,0,2,1,1,1,0,7,0,0,0,0,0,1,1,1,0,0,0,0,0,0,0,0,0,0,1,0,0,0,0,0,1,0,0,0,4,2,0,1,0,0,0,0,0,0,2,0,1,0,0,0,0,0,1,0,0,0
nyu_2451_34572.176,2,0,0,0,0,0,1,0,0,0,0,0,1,0,0,0,0,0,0,1,0,2,0,0,1,0,12,0,0,0,0,0,0,0,0,0,2,0,0,1,0,2,0,0,0,1,1,2,1,1,0,0,0,0,0,0,1,1,0,0,0,0,0,1,0,0,0,0,0,1,2,1,0,1,0,2,1,0,0,0,1,0,0,0,0,0,0,0,0,0,0,0
nyu_2451_34572.177,0,0,0,0,0,0,0,0,0,0,0,0,1,0,0,0,0,0,0,1,0,0,0,0,2,0,18,0,0,0,0,1,0,0,0,1,1,1,0,0,0,4,0,0,0,0,0,0,0,0,0,1,0,1,0,0,0,0,0,0,0,5,0,0,0,0,0,1,0,1,2,1,0,2,0,0,0,0,0,0,0,0,0,0,0,1,0,0,0,0,0,0
nyu_2451_34572.178,0,0,0,0,1,0,0,0,0,0,0,0,1,0,0,0,0,0,0,2,0,1,0,0,0,0,3,0,0,0,0,0,0,0,0,1,2,0,1,0,0,2,0,0,0,1,1,0,0,0,1,0,0,0,0,0,0,0,0,0,0,4,0,2,0,0,0,0,1,1,4,0,0,2,0,0,0,0,0,1,1,0,0,0,0,0,0,0,0,0,0,0
nyu_2451_34572.179,0,0,0,0,1,0,2,0,0,0,0,0,0,0,0,0,1,0,0,1,0,2,0,0,1,0,2,1,0,2,0,1,0,1,0,1,0,0,1,0,0,2,0,0,0,0,0,0,0,1,0,0,1,0,0,0,0,0,0,0,0,1,0,0,1,0,0,1,0,0,0,1,0,2,3,0,0,1,0,0,1,0,0,0,0,0,0,0,1,0,1,0
nyu_2451_34572.18,3,0,0,0,1,0,0,0,0,0,0,0,1,0,0,0,0,0,0,1,0,0,0,0,0,1,2,1,0,1,0,0,0,0,2,0,0,0,0,0,0,0,0,0,3,0,0,0,0,0,0,8,0,2,0,0,0,0,0,0,0,0,0,0,0,0,0,0,1,1,0,5,0,8,1,0,0,0,0,0,1,0,0,0,0,0,0,0,0,0,0,0
nyu_2451_34572.180,1,0,0,0,0,0,2,0,0,0,0,0,0,0,0,0,0,0,0,1,0,1,0,0,0,0,2,0,0,0,0,0,0,0,0,0,3,1,0,0,0,1,0,2,0,0,0,0,4,0,0,0,0,0,0,0,0,0,0,0,0,0,0,0,1,0,0,0,0,0,3,0,0,4,0,0,0,0,0,0,0,0,0,3,0,1,0,11,0,0,0,0
nyu_2451_34572.181,2,0,0,0,2,4,0,1,0,0,0,0,1,0,0,0,1,0,0,1,0,0,0,0,0,0,8,1,0,0,0,0,0,1,0,0,0,0,0,0,0,3,0,0,1,2,0,0,1,1,1,0,0,0,0,0,0,0,0,0,0,1,0,0,3,0,0,0,0,0,0,2,0,3,0,0,0,0,0,0,0,0,1,0,0,1,0,0,1,0,0,0
nyu_2451_34572.182,0,0,0,0,1,3,1,0,0,0,0,0,2,0,0,0,1,0,0,1,0,2,0,0,2,0,4,3,0,0,0,0,0,0,0,1,2,3,0,0,0,0,0,1,0,1,0,1,2,0,1,0,0,0,0,0,0,0,0,0,0,0,0,0,0,0,0,0,0,1,3,6,0,2,0,0,1,0,0,0,2,0,0,1,0,0,0,0,0,0,0,0
nyu_2451_34572.183,0,0,0,0,0,2,0,0,0,0,0,0,0,0,0,0,0,0,0,1,0,1,0,0,5,0,6,0,0,0,0,0,0,0,1,0,1,0,0,0,0,6,0,0,0,1,0,0,0,0,0,3,0,0,0,0,0,0,0,0,0,0,0,0,3,0,0,0,1,0,1,2,0,1,1,0,0,0,0,0,1,0,0,0,0,0,0,0,0,0,0,0
nyu_2451_34572.184,0,0,0,0,0,2,0,0,0,0,0,0,0,0,0,0,0,0,0,1,0,0,0,0,2,0,28,0,0,0,0,0,0,0,0,0,0,0,0,0,0,3,0,0,0,0,0,0,0,0,0,0,0,0,0,0,0,0,0,0,0,0,0,1,0,0,0,0,0,1,0,2,0,1,3,0,0,0,0,0,0,0,0,0,0,0,0,0,1,1,0,0
nyu_2451_34572.185,0,0,0,0,0,1,0,0,0,0,0,0,0,0,0,0,0,0,1,0,0,0,0,0,0,0,47,0,0,0,0,0,0,0,0,0,0,0,1,0,0,0,0,0,3,0,0,0,0,0,0,0,0,0,0,0,0,0,0,0,0,0,0,0,0,0,0,0,0,0,0,0,0,0,1,0,0,0,0,0,1,0,0,0,0,1,0,0,0,1,0,0
nyu_2451_34572.186,0,0,0,0,1,2,0,0,0,1,0,0,2,0,0,0,1,0,0,0,0,0,0,0,1,0,16,0,0,0,0,0,0,0,1,0,0,0,0,0,0,6,0,0,0,0,0,0,2,0,0,0,0,0,0,0,0,1,0,0,0,0,0,0,2,0,0,0,0,1,0,3,0,3,1,0,0,0,1,0,0,0,0,1,0,0,0,0,0,1,0,0
nyu_2451_34572.187,0,0,0,0,1,0,3,0,0,0,0,0,0,0,0,0,1,0,0,0,0,0,0,0,0,0,9,0,0,1,0,0,0,0,0,0,2,0,2,0,0,1,0,1,1,0,0,0,0,0,0,0,0,5,0,0,1,0,2,2,0,1,0,0,0,0,0,0,0,0,3,1,0,1,1,0,0,0,0,0,3,0,0,0,0,0,0,0,0,1,0,0
nyu_2451_34572.188,0,0,0,0,1,1,1,0,0,0,0,0,1,0,0,0,1,0,0,0,0,0,0,0,2,0,16,0,0,0,0,0,0,0,0,0,1,0,2,0,0,1,0,0,0,5,0,0,1,0,0,0,0,0,0,0,0,0,0,0,0,0,1,0,1,0,0,0,0,0,1,4,0,1,0,0,0,0,0,0,0,0,0,0,0,0,0,0,1,0,0,0
nyu_2451_34572.189,1,0,0,0,0,1,0,0,0,0,0,0,1,0,0,0,2,0,0,2,0,0,0,0,0,0,2,1,1,1,0,1,0,0,1,1,2,0,0,2,0,0,0,1,0,1,0,0,0,1,0,0,0,0,0,0,0,0,0,0,0,1,0,0,0,0,0,0,0,2,1,1,0,4,0,0,0,1,0,0,0,0,0,0,0,1,0,0,0,0,0,0
nyu_2451_34572.19,3,0,0,0,0,0,0,0,0,0,0,0,0,0,1,0,0,0,0,0,1,0,0,0,0,1,2,0,1,1,0,0,0,0,1,1,2,0,0,0,0,0,0,0,1,0,0,2,0,0,0,0,0,2,0,0,0,0,0,0,0,3,0,1,0,0,0,2,0,0,0,3,0,9,1,0,0,0,0,0,1,0,0,0,0,0,0,0,0,0,0,0
nyu_2451_34572.190,1,0,0,0,0,1,1,0,0,0,0,0,2,0,0,0,0,0,0,0,0,3,0,0,1,6,8,0,0,0,0,0,0,0,0,0,0,1,0,0,0,1,0,0,0,1,1,0,4,0,0,1,0,0,0,0,0,0,0,0,0,0,0,1,0,0,0,0,0,0,1,1,0,2,0,3,0,0,0,0,2,0,1,0,0,0,0,0,0,1,0,0
nyu_2451_34572.191,1,0,0,0,0,1,0,0,1,0,0,0,0,0,0,0,0,0,0,1,0,1,0,0,0,0,2,0,0,0,0,0,1,0,0,0,3,1,0,0,0,4,0,1,0,2,0,0,2,0,0,0,0,1,0,0,0,0,0,0,0,0,0,1,0,0,0,0,0,0,3,2,0,6,0,0,0,0,0,0,2,0,0,1,0,0,0,0,0,0,0,0
nyu_2451_34572.192,0,0,0,0,0,2,0,0,2,0,0,0,1,0,0,0,0,0,0,0,0,2,0,0,0,0,5,0,0,0,0,1,1,0,0,1,1,0,2,1,1,4,0,2,1,2,0,0,1,1,0,0,0,0,0,0,0,0,0,0,0,0,0,0,3,0,0,0,0,0,1,2,0,2,0,0,0,1,0,0,2,0,0,0,0,1,0,0,0,0,1,0
nyu_2451_34572.193,0,0,0,0,1,0,0,0,0,0,0,0,2,0,1,0,0,0,0,2,0,1,0,0,0,0,7,0,0,1,0,0,0,0,1,1,3,0,0,0,0,4,0,0,0,0,0,0,0,0,1,1,0,0,0,0,0,0,0,0,0,1,0,0,0,0,0,0,1,1,2,1,0,1,0,0,0,0,0,2,1,0,0,0,0,0,0,0,1,0,0,0
nyu_2451_34572.194,0,0,0,0,1,2,0,1,0,0,0,0,0,0,0,1,1,0,0,3,0,0,0,0,2,0,2,0,0,1,0,1,0,0,0,1,1,0,0,0,0,3,1,1,0,0,0,1,0,1,0,0,0,2,0,0,0,1,0,0,0,1,0,0,2,0,1,0,0,0,1,0,1,3,1,0,0,0,0,0,1,0,0,0,0,0,0,0,0,0,0,0
nyu_2451_34572.195,0,0,0,0,0,0,1,1,0,0,0,0,0,0,0,0,2,0,0,0,0,0,0,0,3,0,2,0,0,1,0,0,0,0,0,1,1,1,0,0,0,4,0,2,0,1,0,0,1,0,0,2,0,0,0,0,0,0,0,0,1,1,0,2,1,1,1,1,0,1,0,3,0,1,2,0,0,2,0,0,1,0,0,0,0,0,0,0,0,0,0,0
nyu_2451_34572.196,2,0,0,0,1,0,0,1,0,0,0,0,0,0,1,1,2,0,0,3,0,0,0,0,1,0,2,0,0,0,0,0,0,2,1,0,3,0,0,0,0,2,0,1,0,1,0,1,0,1,0,1,0,3,1,0,0,0,1,1,0,1,0,0,0,0,0,0,0,2,0,1,0,0,0,0,0,1,1,0,3,0,1,0,0,1,0,0,0,0,0,0
nyu_2451_34572.197,0,0,0,0,1,0,0,2,0,0,0,0,0,0,0,0,0,0,0,1,0,2,0,0,1,0,8,0,0,1,0,0,0,2,1,0,0,0,1,0,0,2,0,0,0,0,0,0,3,0,0,0,0,0,0,0,2,1,0,0,0,0,0,0,1,0,0,0,0,0,0,8,0,0,0,0,0,1,0,0,0,0,0,1,0,0,0,0,0,1,0,0
nyu_2451_34572.198,1,0,0,0,0,0,3,0,0,0,0,0,0,0,0,0,0,0,0,3,0,1,0,3,0,0,1,0,0,0,0,0,0,0,0,0,2,0,0,0,0,4,0,0,1,1,0,0,5,0,0,0,0,1,0,0,0,0,0,0,0,0,0,1,0,0,0,2,0,2,1,1,0,2,2,0,0,0,1,0,0,0,0,0,0,1,0,0,0,0,0,0
nyu_2451_34572.199,1,0,0,0,0,0,2,0,0,0,0,0,0,0,0,0,0,0,0,4,0,1,0,3,0,0,1,0,0,0,0,0,0,0,0,0,1,0,0,0,0,7,0,0,1,1,0,0,3,0,0,5,0,0,1,0,0,0,0,0,0,1,0,1,0,0,1,2,0,2,1,3,0,1,3,0,0,0,0,0,0,0,0,0,0,1,0,0,0,0,0,0
nyu_2451_34572.2,0,0,0,0,1,0,1,0,0,0,0,0,1,0,0,0,0,0,0,0,0,2,0,0,3,1,2,2,0,1,0,0,0,0,0,0,0,0,0,0,0,8,0,0,1,0,1,0,0,0,0,2,0,1,0,0,1,1,0,0,1,0,0,0,2,0,0,0,0,1,0,0,0,2,2,2,0,0,0,0,3,0,0,0,0,0,0,0,0,0,0,0
nyu_2451_34572.20,0,0,0,0,0,0,0,0,0,0,0,0,0,0,0,0,0,0,0,1,0,1,0,1,3,0,1,1,0,0,0,0,0,0,0,0,1,0,0,0,0,6,0,0,0,0,0,0,1,1,0,1,0,1,0,0,0,0,0,0,0,1,0,0,0,0,0,3,1,2,0,2,0,5,0,1,0,0,1,1,0,0,1,0,0,1,0,0,0,0,0,0
nyu_2451_34572.200,2,0,0,1,0,1,0,0,1,0,0,0,0,0,0,0,2,0,0,1,0,1,0,0,1,0,6,0,0,0,0,0,0,0,0,0,0,2,1,0,0,5,0,2,0,1,0,0,0,0,0,1,0,0,0,0,0,0,0,0,0,0,0,0,0,0,0,0,0,2,0,1,0,5,1,0,0,0,0,0,1,0,1,0,0,1,0,0,0,0,0,0
nyu_2451_34572.201,1,0,0,0,1,0,1,0,0,0,0,0,0,0,0,0,0,0,0,0,0,0,1,0,1,0,6,0,0,1,0,0,0,0,1,0,1,0,0,0,0,4,0,1,0,0,0,0,4,0,0,1,0,2,0,0,0,2,1,0,1,0,0,1,0,0,0,0,0,0,0,1,0,0,0,0,0,0,0,0,0,0,1,0,0,0,0,0,0,0,2,0
nyu_2451_34572.202,0,0,0,0,0,1,0,0,0,0,0,0,0,0,0,0,0,0,0,0,0,0,0,0,0,0,51,0,0,0,0,0,0,1,0,0,0,0,1,0,0,0,0,0,2,0,0,0,0,0,0,0,0,0,0,0,0,0,0,0,0,0,0,0,0,0,0,0,0,0,0,2,0,0,0,0,0,0,0,0,0,0,0,0,0,0,0,0,0,0,0,0
nyu_2451_34572.203,2,0,0,0,0,0,0,0,0,1,0,0,0,0,0,0,1,0,0,2,0,0,0,0,1,0,1,0,1,0,0,0,0,0,0,1,1,1,0,0,0,3,0,1,0,1,0,0,0,0,0,1,0,0,0,0,0,0,0,0,0,1,0,0,0,0,0,0,0,2,1,0,0,4,1,0,0,0,0,0,2,0,0,0,0,1,0,0,0,0,0,0
nyu_2451_34572.204,0,0,0,0,0,0,0,0,0,0,0,0,1,1,0,0,1,0,0,2,0,0,0,0,0,0,2,0,0,2,0,0,0,0,0,0,2,0,1,0,0,1,0,1,0,0,0,0,6,0,0,0,0,0,0,0,1,0,0,0,1,4,0,1,1,0,0,0,0,0,0,0,0,1,1,0,0,1,0,0,0,0,0,0,0,1,0,0,0,0,1,0
nyu_2451_34572.205,0,0,0,0,0,0,0,0,0,0,0,0,0,0,0,0,0,0,0,0,0,0,0,0,0,0,37,0,0,0,0,0,0,0,0,0,0,0,0,0,0,4,0,0,1,0,0,0,0,0,0,1,0,0,0,0,0,0,0,0,0,1,0,0,0,0,0,0,0,0,0,0,0,0,0,0,0,0,0,0,0,0,0,0,0,0,0,0,0,0,0,0
nyu_2451_34572.206,0,0,0,0,0,0,0,0,0,0,0,0,1,0,4,1,6,0,0,1,0,1,0,0,0,0,3,1,0,1,0,0,0,0,1,0,1,1,2,0,0,2,0,1,0,0,0,0,1,1,0,0,0,1,0,0,0,0,0,0,0,1,0,0,1,0,0,0,0,1,0,1,0,2,0,0,0,0,0,0,2,0,0,0,0,0,0,0,0,0,1,0
nyu_2451_34572.207,1,0,0,0,0,0,1,2,0,0,0,0,1,0,1,1,2,0,0,0,0,2,0,0,1,1,0,0,0,1,0,0,0,0,2,0,6,0,0,0,0,0,0,2,0,1,0,0,1,0,0,0,0,0,0,0,0,0,0,0,1,1,0,0,0,0,2,0,0,0,1,4,0,0,1,0,0,0,0,2,0,0,0,0,0,0,0,0,0,0,0,0
nyu_2451_34572.208,0,0,0,0,0,0,0,0,0,0,0,0,0,0,0,0,1,0,0,1,0,0,0,0,0,0,0,0,1,1,0,0,0,0,0,0,2,0,0,0,0,3,0,1,0,0,0,1,2,1,0,0,0,0,0,0,0,1,0,0,0,2,0,0,0,0,0,0,0,0,0,0,0,2,0,0,0,0,0,0,2,0,0,0,0,0,0,7,0,0,0,0
nyu_2451_34572.209,0,0,0,0,1,0,0,0,0,0,0,0,0,0,0,0,0,0,0,2,0,1,0,0,0,0,17,2,0,0,0,0,1,1,0,0,0,0,0,0,1,5,0,0,1,0,0,0,4,0,0,0,0,0,0,0,0,0,0,0,0,1,0,1,1,0,0,0,0,0,0,0,0,0,0,0,0,0,0,0,0,0,0,0,0,0,0,0,0,0,0,0
nyu_2451_34572.21,1,0,0,0,0,0,0,0,0,0,0,0,0,0,0,0,0,0,0,0,0,0,0,0,0,2,19,0,0,0,0,0,0,0,0,1,0,0,1,0,0,1,0,0,1,1,0,0,2,0,0,1,0,2,0,0,0,1,0,0,0,0,0,1,0,0,0,1,1,0,1,0,0,2,2,0,0,0,0,0,0,0,0,0,0,0,0,0,0,0,0,0
nyu_2451_34572.210,1,0,0,0,1,0,1,2,0,0,0,0,1,0,0,0,0,0,0,0,0,1,0,0,3,1,11,1,0,1,0,0,0,0,2,0,2,1,1,0,0,2,0,0,0,1,1,0,0,0,2,0,0,0,0,0,0,0,0,0,1,2,0,1,1,0,0,0,0,0,1,0,1,0,0,1,0,0,0,0,2,0,0,1,0,0,0,0,0,0,0,0
nyu_2451_34572.211,0,0,0,0,0,0,1,0,0,0,1,0,0,0,0,0,3,0,0,2,0,1,0,0,0,0,0,0,0,0,0,1,0,0,0,0,5,0,1,1,0,1,0,1,0,0,0,1,1,0,0,0,0,2,0,0,0,0,0,0,0,1,1,0,0,0,0,0,0,1,2,2,0,1,0,0,0,1,0,0,0,0,0,0,0,0,0,0,0,0,0,0
nyu_2451_34572.212,0,0,0,0,0,1,1,0,0,1,0,0,1,0,0,0,0,0,1,1,0,0,0,0,2,1,12,0,0,0,0,0,0,2,1,0,0,2,1,0,0,0,0,1,0,1,0,0,2,1,0,1,0,0,0,0,0,0,0,0,0,0,0,0,0,0,0,0,2,0,3,3,0,3,1,1,0,1,0,0,1,0,0,0,0,0,0,0,0,0,0,0
nyu_2451_34572.213,1,0,0,0,0,0,0,3,0,0,0,0,0,0,0,0,0,0,0,1,0,1,0,0,5,0,13,0,0,1,0,0,0,1,0,0,4,1,0,0,0,4,0,2,0,0,0,0,0,0,0,0,0,0,0,0,0,0,0,0,0,0,0,0,4,1,0,0,0,0,0,0,1,1,0,0,0,2,0,0,0,0,0,0,0,0,0,0,1,0,0,0
nyu_2451_34572.214,2,0,0,0,1,0,2,1,0,0,0,0,0,0,0,0,1,0,0,2,0,1,0,0,5,0,0,0,0,0,0,0,0,1,0,0,2,0,1,2,0,1,0,2,0,2,0,0,3,1,0,0,0,0,0,0,0,0,0,1,0,0,0,0,0,0,0,0,0,0,2,2,0,2,0,0,0,0,0,0,3,0,1,0,0,0,0,0,0,0,0,0
nyu_2451_34572.215,1,0,0,0,0,1,0,2,0,0,0,0,0,0,1,0,3,0,0,1,0,0,0,0,1,0,4,1,0,0,0,0,0,2,0,0,1,1,2,1,0,3,0,0,1,1,1,1,1,0,0,0,0,0,0,0,0,0,0,0,0,0,1,0,1,0,0,0,0,0,1,2,0,2,0,0,0,0,0,0,1,0,1,0,0,1,0,0,0,0,0,0
nyu_2451_34572.216,0,0,0,0,1,0,1,2,0,0,0,0,0,0,0,0,0,0,0,1,0,2,0,0,5,0,3,0,0,2,0,0,0,0,0,0,4,0,2,2,0,1,0,2,0,0,0,0,2,0,0,0,0,0,0,0,0,0,0,1,1,1,1,0,1,0,0,0,0,0,3,1,0,2,0,0,0,0,0,0,0,0,0,0,0,1,0,0,0,0,1,0
nyu_2451_34572.217,1,0,0,0,0,0,1,0,0,0,0,0,1,0,0,0,1,0,0,1,0,0,0,0,2,0,2,1,0,1,0,0,1,0,1,0,5,0,1,1,0,2,0,1,0,3,0,0,0,0,0,0,0,0,0,0,0,0,0,0,0,0,0,0,0,0,3,0,1,0,1,0,0,2,0,0,0,0,0,0,0,0,0,0,0,0,0,0,1,0,0,0
nyu_2451_34572.218,0,0,0,1,1,0,0,1,1,0,0,0,0,0,1,0,0,0,0,4,0,0,0,0,0,0,0,0,1,0,0,0,0,1,0,0,7,0,0,0,0,0,0,1,0,2,0,1,0,0,0,0,0,0,0,0,0,0,0,0,1,1,0,0,0,0,1,0,1,0,0,2,0,2,0,1,0,0,0,0,1,0,0,1,0,1,0,0,0,0,0,0
nyu_2451_34572.219,1,0,0,0,0,0,3,0,0,0,0,0,0,0,0,0,0,0,0,2,0,1,0,2,0,0,0,0,0,0,0,0,0,0,0,0,1,0,0,0,0,6,0,0,1,2,0,0,4,0,0,4,0,1,1,0,0,0,0,0,0,0,0,1,0,0,0,2,0,2,0,2,0,4,2,0,0,0,0,0,1,0,0,0,0,0,0,0,0,0,0,0
nyu_2451_34572.22,0,0,0,0,1,0,0,0,0,0,0,0,0,0,0,0,2,0,0,0,0,1,0,0,0,0,3,1,0,0,0,0,0,0,0,2,1,0,1,0,1,0,0,0,0,0,0,0,0,0,0,0,0,2,0,0,0,1,0,0,0,1,0,0,0,0,1,1,0,1,0,2,0,3,1,0,0,0,0,1,2,0,0,0,0,1,0,0,1,0,0,0
nyu_2451_34572.220,2,0,0,0,0,0,0,0,0,1,0,0,1,0,0,0,0,0,0,1,0,0,0,0,0,0,4,0,0,0,0,0,1,0,0,1,1,0,1,1,0,4,0,0,0,1,0,1,5,0,0,0,0,0,0,0,0,0,0,0,0,1,0,0,0,0,1,0,0,1,2,1,0,2,0,0,0,1,0,0,3,0,0,0,0,1,0,0,0,4,0,0
nyu_2451_34572.221,1,0,0,0,0,0,0,0,0,0,0,0,0,0,1,0,1,0,0,1,0,0,0,0,0,0,6,0,0,0,0,0,1,0,0,0,2,0,1,1,0,4,1,0,0,1,0,1,6,0,0,0,0,0,0,0,0,0,0,0,1,1,0,0,0,0,1,0,0,1,2,1,1,2,1,0,0,0,0,0,1,0,1,0,0,1,0,0,1,5,0,0
nyu_2451_34572.222,0,0,0,0,0,2,1,0,1,0,0,0,2,0,0,1,2,0,0,3,0,3,1,0,0,1,5,1,0,0,0,0,1,0,1,0,0,1,2,1,0,1,0,0,2,0,0,0,1,1,0,0,0,0,0,0,0,0,0,0,0,0,0,1,1,0,0,0,0,1,0,7,0,1,1,0,0,1,0,0,2,0,1,1,0,1,0,0,0,0,0,0
nyu_2451_34572.223,0,0,0,0,0,0,0,0,0,0,0,0,0,0,0,0,0,0,0,0,0,0,0,0,0,0,36,0,0,0,0,0,0,0,0,0,0,0,0,0,0,9,0,0,1,0,0,0,0,1,0,0,0,1,0,0,0,0,0,0,0,0,0,0,1,1,0,0,0,0,0,0,0,0,5,0,0,0,0,0,0,0,0,0,0,0,0,0,0,2,0,0
nyu_2451_34572.224,0,0,0,0,0,0,0,0,0,0,0,0,0,0,0,0,0,0,0,0,0,0,0,0,0,0,39,0,0,0,0,0,0,0,0,0,0,0,0,0,0,11,0,0,1,0,0,0,0,1,0,0,0,1,0,0,0,0,0,0,0,0,0,1,0,0,0,0,0,0,0,0,0,1,1,0,0,0,0,0,0,0,0,0,0,0,0,0,0,0,0,0
nyu_2451_34572.225,2,0,0,0,1,0,0,1,0,0,0,0,0,0,0,0,1,0,0,0,0,2,0,0,0,0,0,0,1,0,0,0,0,2,1,1,3,1,1,0,1,0,0,0,0,2,0,0,0,0,0,1,0,1,0,0,0,0,0,0,1,3,0,0,0,0,0,0,0,0,0,0,0,1,0,1,0,0,0,0,2,0,1,0,0,1,0,0,0,0,0,0
nyu_2451_34572.226,2,0,0,0,0,1,0,1,0,0,0,0,2,0,0,0,2,0,0,1,0,0,1,0,1,1,0,2,0,1,0,0,0,0,0,0,3,1,1,0,0,1,0,0,0,0,0,1,2,0,0,0,0,0,0,1,0,0,0,0,0,0,1,0,1,0,0,0,0,0,0,3,0,3,0,0,0,0,0,0,1,0,0,0,0,0,0,0,0,0,2,0
nyu_2451_34572.227,1,0,0,0,1,0,0,3,0,0,0,0,0,0,0,0,2,0,2,1,0,0,0,0,5,1,1,0,0,2,0,0,0,0,1,0,4,1,2,0,0,1,0,0,0,1,1,0,0,0,1,0,0,0,0,1,0,0,0,0,0,0,0,0,0,0,0,1,0,0,1,4,0,1,0,0,0,0,0,0,0,0,0,0,0,1,0,0,0,0,0,0
nyu_2451_34572.228,1,0,0,0,1,0,0,0,0,0,0,0,1,0,0,0,1,0,0,3,0,0,0,0,1,1,0,0,1,0,0,1,0,0,1,0,4,0,0,0,3,2,0,2,0,0,0,1,1,1,0,0,0,0,1,0,0,2,0,0,0,1,0,0,0,0,0,0,0,0,2,1,0,1,0,0,0,0,0,0,0,0,0,0,0,0,0,0,1,0,0,0
nyu_2451_34572.229,0,0,0,0,0,0,2,1,0,0,0,0,0,0,0,0,1,0,0,0,0,0,0,0,0,0,2,0,1,3,0,1,0,0,0,0,3,1,0,1,0,6,0,2,1,0,0,1,0,1,0,0,0,1,0,0,0,0,0,0,0,0,0,1,0,0,0,0,0,0,0,0,0,1,1,0,0,1,0,0,1,0,0,1,0,0,0,0,1,0,0,0
nyu_2451_34572.23,0,0,0,0,2,0,0,0,0,0,0,0,0,0,0,0,2,0,0,0,0,1,0,0,0,0,4,1,1,0,0,0,0,0,0,1,5,0,0,0,1,3,0,0,0,0,0,0,0,0,0,1,0,0,0,0,0,1,0,0,0,0,0,0,0,0,1,0,0,1,0,1,0,1,0,0,0,0,0,2,1,0,0,0,0,0,0,0,1,0,0,0
nyu_2451_34572.230,0,0,0,0,1,0,1,2,0,0,0,0,1,0,1,0,2,0,0,0,0,0,0,0,0,0,4,2,0,1,0,0,0,0,0,0,1,0,0,0,0,3,0,1,0,2,1,0,1,0,0,2,0,1,0,0,0,0,0,0,0,1,0,2,0,0,0,0,0,1,1,2,0,1,1,0,0,0,0,0,0,0,0,1,0,1,0,0,1,0,1,0
nyu_2451_34572.231,0,0,0,0,1,2,0,1,0,0,1,0,0,0,1,0,2,0,0,0,0,1,0,0,0,0,19,2,0,0,0,0,0,0,2,0,1,0,0,0,0,5,0,0,0,0,1,0,1,0,0,0,0,1,0,0,0,0,0,0,0,0,0,2,0,0,0,0,0,1,1,3,1,1,0,0,0,0,0,0,0,0,0,0,0,0,0,0,0,0,1,0
nyu_2451_34572.232,1,0,0,0,0,3,2,1,0,0,1,0,1,0,0,0,0,0,0,0,0,0,0,0,3,0,19,1,0,1,0,0,0,0,1,0,0,1,1,1,0,4,0,0,1,0,1,0,0,0,0,0,0,0,0,0,0,0,0,0,0,1,0,1,1,0,0,0,0,0,2,1,0,0,0,0,0,0,0,0,2,0,0,0,0,0,0,0,1,0,0,0
nyu_2451_34572.233,0,0,0,0,1,0,0,0,0,0,0,0,0,0,0,1,1,0,0,3,0,1,0,0,0,0,0,0,2,1,0,0,0,0,0,1,2,0,1,0,0,5,0,0,0,0,0,0,0,0,0,0,0,0,0,0,0,0,0,0,0,2,0,1,0,0,0,0,0,0,2,1,0,0,0,0,0,1,0,0,0,0,0,0,0,1,0,0,1,0,0,0
nyu_2451_34572.234,0,0,0,0,1,1,1,1,0,1,0,0,1,0,0,1,0,0,1,2,0,0,0,0,1,1,11,0,0,0,0,0,0,0,1,0,0,0,1,0,0,4,0,2,0,1,0,0,2,1,0,0,0,0,0,0,0,0,0,0,0,0,0,1,1,0,0,0,1,0,0,4,0,1,0,0,0,0,0,0,0,0,0,0,0,1,0,0,0,0,0,0
nyu_2451_34572.235,0,0,0,0,0,0,0,2,0,0,0,0,1,0,0,0,0,0,0,0,0,3,0,0,1,2,4,0,0,1,0,0,0,0,1,0,0,3,2,0,0,2,0,1,0,0,0,0,2,0,1,0,0,0,0,0,0,0,0,0,0,1,0,0,0,1,0,0,1,0,2,2,0,1,0,1,0,1,0,0,1,0,0,0,0,0,0,0,0,0,0,0
nyu_2451_34572.236,0,0,0,0,0,0,1,0,0,0,0,0,0,0,0,0,0,0,1,0,0,0,0,0,2,0,8,0,0,0,0,0,0,0,0,1,5,0,0,0,0,4,0,0,0,1,0,0,3,0,0,0,0,0,0,0,0,0,0,0,0,1,0,0,0,0,0,0,0,0,1,3,0,3,0,0,0,0,0,0,2,0,1,1,0,1,0,0,0,0,0,0
nyu_2451_34572.237,0,0,0,0,0,3,0,1,0,0,0,0,0,0,0,0,0,0,0,2,0,0,0,0,1,0,1,0,0,0,0,0,0,0,0,0,9,0,1,0,0,1,0,2,0,2,0,0,2,0,0,0,1,0,0,0,0,0,0,0,1,4,0,0,1,0,2,0,0,1,2,1,1,1,2,0,0,0,0,0,0,0,0,0,0,0,0,0,0,0,0,0
nyu_2451_34572.238,0,0,0,0,3,0,0,1,0,0,0,0,0,0,0,1,0,0,1,2,0,1,0,0,0,0,1,0,0,1,0,0,1,0,2,0,1,0,1,0,1,0,0,5,0,3,0,0,0,0,0,0,0,0,0,0,0,0,0,0,1,1,0,1,0,0,1,0,0,0,3,0,1,2,0,0,0,0,0,0,1,0,0,0,0,0,0,0,0,0,0,0
nyu_2451_34572.239,2,0,0,0,0,0,0,0,0,0,0,0,0,0,0,0,0,0,0,0,0,1,0,0,1,0,1,0,0,0,0,0,0,0,1,2,3,0,0,0,0,3,0,0,0,2,0,1,1,0,0,0,0,0,0,0,0,0,0,0,1,2,0,1,0,0,1,0,0,0,1,1,0,1,0,0,0,0,0,0,1,0,0,0,0,0,0,9,0,0,0,0
nyu_2451_34572.24,1,0,0,0,0,0,0,0,0,0,0,0,0,0,0,0,0,0,0,3,0,1,0,0,0,0,0,1,0,0,0,0,0,0,0,0,1,0,0,1,0,4,0,0,0,0,0,0,0,0,1,1,0,1,0,0,0,1,0,0,0,0,0,0,1,0,0,1,1,1,1,0,0,12,0,0,0,0,0,1,4,0,0,0,0,0,0,0,0,0,0,0
nyu_2451_34572.240,1,0,0,0,0,0,1,1,0,0,0,0,1,0,0,0,1,0,0,1,0,1,0,0,2,2,2,0,0,0,0,0,0,0,0,0,5,1,0,0,1,2,0,0,1,0,0,0,0,0,0,1,0,1,0,0,0,1,0,0,0,1,0,1,0,0,0,0,0,0,1,5,0,0,0,2,0,1,0,0,0,0,0,0,0,0,0,0,0,0,0,0
nyu_2451_34572.241,4,0,0,0,0,0,1,0,0,0,0,0,1,0,1,0,7,1,0,0,0,0,0,0,0,0,0,0,0,1,0,1,0,0,0,0,2,1,2,0,1,3,0,0,0,2,0,1,0,0,0,0,0,2,0,0,0,0,0,0,0,0,0,0,0,0,1,0,0,0,0,0,0,1,0,0,0,0,0,1,0,0,0,0,0,0,0,0,0,1,0,0
nyu_2451_34572.242,0,0,0,0,1,1,0,1,0,0,0,0,0,0,0,0,0,0,0,0,0,1,0,0,1,0,4,0,0,2,0,0,0,0,0,0,7,0,0,1,0,6,0,1,0,2,0,0,0,0,0,0,0,0,0,0,0,0,0,0,0,3,0,1,0,0,1,0,0,0,0,2,0,1,0,0,0,0,0,0,1,0,1,0,0,0,0,0,0,0,1,0
nyu_2451_34572.243,0,0,0,0,2,1,0,0,0,0,0,0,1,0,0,0,1,0,0,0,0,0,1,0,5,0,2,2,0,1,0,1,0,0,0,1,5,0,1,0,0,4,0,1,0,2,0,0,3,0,0,0,0,0,0,0,1,0,0,0,0,1,0,0,2,1,0,0,0,0,0,2,0,1,0,1,1,0,0,0,1,0,0,0,0,1,0,1,0,0,0,0
nyu_2451_34572.244,0,0,0,0,1,0,0,1,0,0,0,0,1,0,0,0,1,0,0,0,0,5,0,0,2,3,3,1,0,2,0,0,0,0,2,0,1,1,1,1,0,0,0,0,0,0,2,0,1,0,2,0,0,0,0,0,0,0,0,0,0,0,0,0,1,0,0,0,0,1,0,0,0,2,1,5,1,0,0,0,1,0,0,1,0,0,0,0,0,0,0,0
nyu_2451_34572.245,0,0,0,0,2,0,1,1,0,0,1,0,0,0,0,0,4,0,0,1,0,3,0,0,0,0,1,0,0,1,0,1,0,0,2,0,6,1,4,0,0,0,0,1,0,0,0,0,0,0,0,0,0,2,0,0,0,0,0,0,0,0,0,0,0,0,0,0,0,0,0,1,0,0,0,0,0,1,0,0,2,0,0,0,0,1,0,0,0,0,0,0
nyu_2451_34572.246,1,0,0,0,0,1,0,0,0,0,0,0,1,0,0,0,0,0,0,0,0,2,0,0,1,0,4,0,0,0,0,0,0,0,1,0,1,1,1,0,0,0,0,0,0,11,0,0,1,0,0,0,0,0,0,0,0,1,0,0,0,0,0,0,0,0,0,1,0,0,1,1,0,2,0,0,0,0,0,0,2,0,0,0,0,0,0,0,0,1,0,0
nyu_2451_34572.247,0,0,0,0,1,1,2,1,0,0,0,0,0,0,0,1,0,0,0,2,0,0,0,0,3,0,5,1,0,1,0,0,0,0,0,1,1,0,1,1,0,1,0,1,1,3,0,0,2,1,0,0,0,0,0,0,0,0,0,0,0,1,0,0,0,0,0,0,0,0,0,1,0,1,0,0,0,1,0,0,2,0,0,0,0,0,0,0,1,0,0,0
nyu_2451_34572.248,0,0,0,0,0,0,1,0,0,0,0,0,1,0,0,0,0,0,0,0,0,1,0,0,0,0,17,0,0,1,0,0,0,0,0,0,1,0,1,0,0,1,0,0,2,0,0,0,0,1,0,0,0,2,0,0,1,0,1,0,0,0,1,0,0,0,0,0,0,0,0,6,0,1,2,0,0,0,0,0,0,0,0,0,0,4,0,0,0,0,0,0
nyu_2451_34572.249,0,0,0,0,2,0,9,0,0,0,0,0,3,0,0,0,0,0,1,0,0,0,0,0,0,0,0,0,0,0,0,0,0,0,0,0,0,1,0,0,0,0,0,0,0,0,1,0,0,0,0,0,0,8,0,0,1,0,2,10,0,0,0,0,0,1,0,0,0,0,0,8,0,0,0,0,0,0,0,0,0,0,0,0,0,1,0,0,0,0,0,0
nyu_2451_34572.25,0,0,0,0,0,1,0,0,0,0,0,0,0,0,1,0,2,0,0,1,0,1,0,0,0,0,0,0,0,0,0,0,0,0,0,0,3,2,1,0,1,1,0,0,0,0,0,0,0,0,0,0,0,0,0,0,0,1,0,0,0,0,0,0,0,0,0,0,0,1,1,0,0,1,0,0,0,0,0,0,2,0,0,0,0,0,0,0,0,0,0,0
nyu_2451_34572.250,0,0,0,0,1,0,4,0,0,0,0,0,1,0,0,0,0,0,0,1,2,0,0,1,0,0,0,1,0,0,0,0,0,0,0,0,0,1,2,0,0,0,0,0,0,0,0,0,0,0,0,0,0,22,0,0,1,0,0,0,0,1,0,0,0,0,0,1,0,0,1,4,0,0,1,0,0,1,0,0,0,0,0,0,0,1,0,0,0,0,0,0
nyu_2451_34572.251,0,0,0,0,0,0,2,0,0,0,0,0,1,0,0,0,0,0,0,0,0,5,0,0,0,1,0,0,0,1,0,0,0,0,0,0,0,0,2,0,0,0,0,0,0,0,0,0,0,0,0,0,0,31,0,0,0,0,1,0,0,0,0,0,0,0,0,0,0,0,0,5,0,1,0,1,1,0,1,0,0,0,0,0,0,1,0,0,0,0,0,0
nyu_2451_34572.252,0,0,0,0,1,1,0,1,0,0,0,0,0,0,0,0,1,0,0,0,0,0,2,0,4,1,2,0,0,0,0,0,1,0,0,1,5,0,0,0,1,2,0,2,0,0,0,0,1,1,0,0,0,0,0,0,0,0,0,0,0,0,0,0,1,0,0,0,0,0,2,1,0,3,0,0,0,0,0,0,1,0,0,0,0,3,0,0,1,0,0,0
nyu_2451_34572.253,1,0,0,0,1,0,2,0,0,0,0,0,0,0,0,0,0,0,0,0,0,0,1,0,1,0,2,0,0,2,0,1,0,0,0,1,2,0,1,1,0,3,0,1,0,0,0,0,2,0,0,1,0,2,0,0,0,1,2,0,1,1,0,1,0,0,0,0,1,0,0,1,0,0,0,0,0,0,0,0,1,0,0,0,0,1,0,0,0,0,0,0
nyu_2451_34572.254,1,0,0,0,1,0,1,0,0,0,0,0,0,0,0,0,1,0,0,0,0,0,0,0,1,0,9,0,0,0,0,0,0,0,1,0,0,1,0,0,0,5,0,0,0,0,0,0,3,0,0,1,0,1,0,0,0,1,1,0,0,0,0,0,0,0,0,0,0,1,0,2,0,3,0,0,0,0,0,0,0,0,1,0,0,0,0,0,0,0,3,0
nyu_2451_34572.255,0,0,0,0,0,0,0,1,0,0,0,0,0,0,1,0,2,0,0,0,0,0,0,0,0,0,21,1,0,0,0,0,0,1,0,0,1,0,0,1,1,4,0,0,0,1,0,0,0,0,0,1,0,2,0,0,0,0,0,0,0,0,0,2,0,0,0,0,0,0,1,2,0,0,0,0,0,0,0,0,1,0,0,0,0,0,0,0,0,0,1,0
nyu_2451_34572.256,0,0,0,0,0,0,0,0,0,0,0,0,0,0,1,0,1,0,0,0,0,0,0,0,1,0,28,0,0,0,0,0,0,0,0,0,2,0,1,0,0,1,0,0,0,0,0,0,1,0,0,0,0,0,0,0,0,0,0,0,1,1,0,0,0,0,0,0,0,1,0,1,0,1,1,0,0,0,0,0,0,0,1,0,0,0,0,0,1,1,0,0
nyu_2451_34572.257,0,0,0,0,0,1,0,0,0,0,0,0,0,0,0,0,0,0,0,0,0,0,0,0,0,0,50,0,0,0,0,0,0,0,0,0,0,0,0,0,0,0,0,0,2,0,0,0,0,0,0,0,0,0,0,0,0,0,1,0,0,0,0,0,0,0,0,0,0,0,0,0,0,1,1,0,0,0,0,0,0,0,0,0,0,1,0,0,0,0,0,0
nyu_2451_34572.258,0,0,0,0,0,0,0,0,0,0,0,0,1,0,2,0,2,0,0,0,0,0,0,0,0,0,0,0,0,0,0,0,0,0,1,0,4,0,2,1,0,0,0,0,0,0,0,0,1,0,0,2,0,0,0,0,0,1,0,1,1,1,0,0,0,0,2,0,0,1,1,1,0,0,0,0,0,0,0,2,3,0,0,0,0,1,0,2,1,0,0,0
nyu_2451_34572.259,0,0,0,0,1,1,1,0,0,0,0,0,0,0,1,0,1,0,0,0,0,2,0,0,1,2,0,0,0,3,0,0,0,0,1,0,4,1,1,0,0,0,0,0,0,0,0,2,1,0,1,0,0,0,0,1,0,0,0,0,0,0,1,0,1,0,0,0,0,0,0,5,0,1,1,0,0,0,0,1,2,0,0,0,0,0,0,0,0,0,1,0
nyu_2451_34572.26,0,0,0,0,0,0,0,0,0,0,0,0,0,0,0,0,0,0,0,0,0,0,0,0,1,0,44,0,0,0,0,1,0,0,0,0,0,0,0,1,0,1,0,0,1,0,0,0,0,0,0,0,0,1,0,0,0,0,0,0,0,0,0,0,0,0,0,0,0,0,0,0,0,3,2,0,0,0,0,0,1,0,0,0,0,0,0,0,0,0,0,0
nyu_2451_34572.260,0,0,0,0,0,0,0,0,0,0,0,0,1,0,0,0,1,0,0,0,0,2,0,0,1,0,24,0,0,0,0,0,0,0,1,0,0,2,1,0,0,2,0,0,2,0,0,0,0,0,0,0,0,0,0,0,0,0,1,0,0,0,1,1,0,0,0,0,0,0,0,0,0,6,4,0,0,0,0,0,3,0,0,0,0,0,0,0,0,0,0,0
nyu_2451_34572.261,1,0,0,0,0,0,0,0,0,0,0,0,0,0,1,0,0,0,0,4,0,0,0,0,1,0,2,0,0,1,0,0,0,0,1,0,0,1,0,0,0,4,0,2,0,0,0,1,0,0,0,2,0,2,0,0,0,0,0,0,0,0,0,1,0,0,0,1,0,1,0,0,0,6,3,2,0,0,0,1,1,0,1,0,0,0,0,0,0,0,0,0
nyu_2451_34572.262,2,0,0,0,0,0,0,0,0,0,0,0,0,0,0,0,1,0,0,1,0,1,0,0,0,0,1,0,0,0,0,0,0,0,0,0,4,0,1,1,1,2,0,0,0,0,0,0,0,0,0,0,0,0,0,0,0,0,0,0,0,1,0,0,0,1,1,0,0,0,3,2,0,2,0,0,0,1,0,0,0,0,0,1,0,0,0,0,1,0,0,0
nyu_2451_34572.263,0,0,0,0,2,1,0,2,0,0,0,0,0,0,1,0,0,0,0,0,0,11,0,0,1,1,7,1,0,2,0,0,0,0,0,0,0,0,0,0,2,0,0,3,0,1,1,0,0,0,0,0,0,0,0,0,0,0,0,0,0,0,2,1,0,0,0,0,0,0,1,1,0,0,0,1,1,0,0,0,1,0,0,0,0,0,0,0,0,0,0,0
nyu_2451_34572.264,0,0,0,0,0,1,0,0,0,0,0,0,0,0,0,0,0,0,0,0,0,2,0,0,1,1,6,0,0,0,0,0,0,0,0,0,2,0,2,0,1,5,0,0,0,0,2,0,2,1,0,2,0,1,1,0,1,0,0,0,0,0,0,0,0,0,0,0,0,0,2,2,0,1,5,2,0,0,0,0,0,0,0,0,0,0,0,0,1,0,0,0
nyu_2451_34572.265,0,0,0,0,1,1,1,0,0,0,0,0,1,0,0,0,1,0,1,2,0,0,0,0,0,0,5,0,0,2,0,0,0,0,0,2,0,0,1,0,0,5,0,0,0,0,0,0,2,0,0,0,1,0,0,0,1,0,0,0,0,0,0,0,0,0,0,0,0,0,1,3,0,6,0,0,1,0,0,0,0,0,0,1,0,0,0,0,0,0,0,0
nyu_2451_34572.266,1,0,0,0,0,0,1,0,0,1,2,0,0,0,0,0,0,0,1,2,0,0,0,0,2,0,7,0,0,1,0,0,0,1,0,0,0,0,0,0,0,3,0,0,0,1,0,0,2,0,0,0,1,1,0,0,0,0,0,0,0,1,0,0,0,0,0,1,0,0,0,0,0,2,0,0,0,0,0,0,0,0,2,1,0,0,0,0,1,4,0,0
nyu_2451_34572.267,0,0,0,0,0,0,0,0,0,0,1,0,0,0,0,2,1,0,2,0,0,0,0,0,0,1,1,1,0,2,0,0,0,0,0,0,2,0,1,0,1,1,0,0,0,0,0,0,1,0,0,0,1,3,0,0,0,1,0,0,0,1,0,0,2,0,0,0,0,0,0,2,0,2,0,0,0,0,0,1,0,0,0,0,0,1,0,0,1,1,0,0
nyu_2451_34572.268,0,0,0,0,0,0,0,0,0,0,0,0,0,0,0,0,0,0,0,0,0,0,0,0,0,0,38,0,0,0,0,1,0,0,0,1,0,0,0,0,0,1,0,0,2,0,0,0,0,0,0,0,0,0,0,0,0,0,0,0,0,0,0,0,1,0,0,0,0,0,0,0,0,1,6,0,0,0,0,0,0,0,0,0,0,0,0,0,0,0,0,0
nyu_2451_34572.269,0,0,0,0,0,0,0,0,0,0,0,0,0,0,0,0,0,0,0,0,0,0,0,3,1,0,20,0,0,1,0,1,0,0,0,0,1,0,1,0,0,4,0,0,0,0,0,0,2,0,0,2,0,1,0,0,0,0,0,0,0,0,0,1,0,0,0,0,1,1,1,2,0,3,3,0,1,0,0,0,1,0,0,0,0,1,0,0,1,0,0,0
nyu_2451_34572.27,0,0,0,0,1,0,0,0,0,0,0,0,0,0,0,0,0,0,0,2,0,3,0,0,0,1,2,1,0,1,0,0,0,0,2,2,0,1,0,0,0,2,0,0,1,1,0,0,1,0,0,0,0,0,0,0,0,2,0,0,0,1,0,1,0,0,0,1,1,1,1,1,0,4,3,0,0,0,0,0,2,0,0,0,0,0,0,0,0,0,0,0
nyu_2451_34572.270,0,0,0,0,0,0,0,0,0,0,0,0,0,0,0,0,0,0,0,0,0,0,0,0,0,0,43,0,0,0,0,0,0,0,0,0,0,0,0,0,0,0,0,0,1,0,0,0,0,0,0,0,0,0,0,0,0,0,0,0,0,0,0,0,0,0,0,0,0,0,0,0,0,0,0,0,0,0,0,0,0,0,0,0,0,0,0,0,0,0,0,0
nyu_2451_34572.271,0,0,0,0,0,0,0,0,0,0,0,0,0,0,0,0,0,0,0,0,0,0,0,0,0,0,54,0,0,0,0,0,0,0,0,0,0,0,0,0,0,1,0,0,1,0,0,0,0,0,0,0,0,1,0,0,0,0,0,0,0,0,0,0,0,0,0,0,0,0,0,0,0,0,0,0,0,0,0,0,0,0,0,0,0,0,0,0,0,0,0,0
nyu_2451_34572.272,0,0,0,0,0,1,0,2,0,0,0,0,0,0,0,0,0,0,0,0,0,2,0,0,2,1,6,0,0,0,1,0,0,0,3,0,4,1,2,0,1,0,0,1,0,0,0,0,2,0,0,0,0,6,0,0,1,0,0,2,0,0,0,0,0,0,0,0,0,0,2,5,0,1,0,0,0,0,0,0,0,0,0,0,0,0,0,0,0,0,2,0
nyu_2451_34572.273,0,0,0,0,0,1,3,0,0,0,0,0,3,0,0,0,0,0,0,0,0,1,0,0,0,0,0,0,0,0,0,0,0,0,0,0,2,0,0,0,0,1,0,0,0,0,0,1,0,0,0,2,0,3,0,0,0,0,0,0,1,1,0,0,0,0,0,1,1,0,3,7,0,2,2,0,0,0,0,0,3,0,1,0,0,1,0,0,0,1,0,0
nyu_2451_34572.274,0,0,0,0,1,0,2,0,0,0,0,0,2,0,0,0,0,0,0,0,0,1,0,0,0,0,0,0,0,1,1,0,0,0,0,0,0,0,1,0,0,0,0,0,0,0,0,0,0,0,0,0,0,35,0,0,0,0,0,0,0,0,0,0,0,0,0,0,0,0,0,7,0,0,0,0,0,1,0,0,0,0,0,0,0,3,1,0,0,0,0,0
nyu_2451_34572.275,0,0,0,0,0,0,7,0,0,0,0,0,2,0,0,0,0,0,0,0,0,0,0,0,0,0,0,0,0,1,2,0,0,0,0,0,0,1,1,0,0,1,0,1,0,0,0,0,0,0,0,0,0,25,0,0,1,0,0,0,0,0,0,0,0,0,0,0,0,0,1,7,0,0,0,0,0,0,0,0,0,0,0,0,0,4,1,0,0,0,0,0
nyu_2451_34572.276,0,0,0,0,2,0,5,0,0,0,0,0,0,0,0,0,0,0,0,0,0,1,0,0,1,0,32,0,0,0,0,0,0,0,0,0,0,0,1,0,0,3,0,0,1,0,0,0,0,0,0,0,0,2,0,0,0,0,0,1,0,0,0,0,0,0,0,0,0,0,0,4,0,0,0,0,0,1,0,0,0,0,0,0,0,0,0,0,0,0,0,0
nyu_2451_34572.277,0,0,0,0,1,1,6,0,1,0,0,0,0,0,0,0,0,0,0,0,0,6,0,0,0,3,0,0,0,3,0,0,0,0,1,0,0,1,0,0,0,0,0,4,0,0,1,0,0,0,0,0,0,10,0,0,0,0,0,2,0,1,0,0,0,0,0,0,0,0,1,8,0,0,1,0,0,0,0,0,0,0,0,0,0,1,0,0,0,0,0,0
nyu_2451_34572.278,0,0,0,0,2,0,0,0,0,0,0,0,1,0,3,0,1,0,0,0,0,2,0,0,0,1,3,2,0,0,0,0,0,0,0,0,0,0,1,0,1,1,0,0,1,1,0,0,0,1,0,0,0,1,1,1,0,0,0,0,0,1,0,0,0,0,0,0,0,0,2,10,0,0,2,1,0,0,0,0,1,0,0,0,0,0,0,0,0,1,0,0
nyu_2451_34572.279,0,0,0,0,0,0,0,1,0,1,0,0,0,0,0,0,0,0,0,0,0,1,0,0,0,0,1,0,0,1,0,0,0,0,0,0,2,0,1,0,0,1,0,0,1,0,1,0,1,0,0,1,0,3,0,0,0,1,0,0,0,0,0,0,0,0,0,0,0,0,0,0,0,2,6,0,0,1,0,1,1,0,0,0,0,1,0,0,0,1,0,0
nyu_2451_34572.28,0,0,0,0,0,0,0,0,0,0,0,0,0,0,0,0,0,0,0,0,0,1,1,0,0,0,1,0,0,1,0,0,0,0,1,0,3,1,1,0,0,3,0,0,0,0,0,0,0,0,0,0,0,1,0,0,0,1,0,0,0,4,0,0,0,1,0,0,0,0,1,0,0,2,1,0,0,0,0,0,1,0,1,0,0,0,0,5,0,0,0,0
nyu_2451_34572.280,2,0,0,0,0,0,1,0,0,0,0,0,0,0,0,0,0,0,0,1,0,0,0,0,0,0,1,0,0,1,0,0,0,0,0,0,2,0,1,0,0,2,0,0,0,1,0,0,3,0,0,0,0,2,0,0,0,0,0,0,0,3,0,0,0,0,0,0,0,0,1,6,0,1,0,1,0,0,0,1,0,1,0,0,0,4,0,0,0,0,0,0
nyu_2451_34572.281,1,0,0,1,0,0,1,0,0,1,0,0,0,0,0,0,0,0,0,0,0,1,0,0,0,0,1,0,0,3,0,0,0,0,0,0,4,0,2,0,0,2,0,1,0,1,0,0,3,0,1,0,0,0,0,0,0,0,0,0,0,0,0,0,0,0,0,0,0,0,0,1,0,1,0,0,0,0,0,0,2,1,0,0,0,2,0,0,0,1,0,0
nyu_2451_34572.282,0,0,0,0,0,1,0,0,0,0,0,0,0,0,0,1,2,0,0,3,0,0,0,0,0,0,5,1,0,0,0,0,0,1,0,0,3,0,1,0,0,0,0,0,1,0,0,1,0,0,0,2,0,2,0,0,0,0,0,0,0,1,0,0,0,0,1,1,1,3,0,3,0,4,4,0,0,0,0,0,0,0,1,0,0,1,0,0,0,0,0,0
nyu_2451_34572.283,0,0,0,0,0,1,0,0,0,0,0,0,1,0,0,0,1,0,1,4,0,0,0,0,1,0,16,0,0,1,0,0,0,3,0,1,0,0,0,0,0,3,0,0,0,0,0,0,0,0,0,0,0,3,0,0,0,0,0,0,0,0,0,0,1,0,0,0,1,2,0,0,0,1,2,0,0,0,0,0,0,0,0,0,0,0,0,0,0,0,0,0
nyu_2451_34572.284,1,0,0,0,0,0,2,0,0,1,0,0,0,0,0,0,0,0,0,1,0,0,0,0,0,0,0,0,0,1,0,0,0,0,0,0,2,0,2,0,0,2,0,1,0,1,0,0,3,0,0,0,0,0,0,0,0,0,0,0,0,2,0,0,0,0,0,0,0,0,0,3,0,1,0,0,0,0,0,0,1,1,0,0,0,4,0,0,0,2,0,0
nyu_2451_34572.285,2,0,0,0,0,0,0,1,0,0,0,0,1,1,0,0,0,0,0,1,0,0,0,0,0,0,3,2,0,2,0,0,0,0,1,0,4,0,1,0,0,5,0,0,0,0,0,0,1,0,0,0,0,0,0,0,0,0,0,0,0,2,0,1,1,0,0,0,0,0,0,1,0,2,0,0,0,1,0,0,2,0,0,0,0,0,0,0,0,0,0,0
nyu_2451_34572.286,4,0,0,0,0,0,0,0,0,0,0,0,1,0,0,0,0,0,0,1,0,0,0,0,1,0,3,0,0,0,0,0,0,0,2,0,4,0,0,1,0,6,0,1,0,2,0,0,1,0,0,0,0,0,0,0,0,0,0,0,0,0,0,0,0,0,1,0,0,1,1,0,0,1,0,0,0,0,0,0,4,0,1,0,0,1,0,0,0,0,0,0
nyu_2451_34572.287,0,0,0,0,0,0,1,0,0,0,0,0,2,0,0,0,2,0,0,0,0,1,0,0,1,0,4,1,0,1,0,0,1,0,1,0,2,0,1,1,1,0,0,0,0,3,0,0,0,0,0,0,0,0,0,0,0,0,0,0,0,1,0,0,0,0,2,0,1,0,0,0,0,1,0,0,0,0,0,0,1,0,0,0,0,0,0,0,1,0,0,0
nyu_2451_34572.288,1,0,0,0,0,0,0,1,0,0,0,0,0,0,0,0,0,0,0,1,0,1,2,0,2,0,16,0,0,0,0,1,0,1,1,2,2,0,1,0,0,1,0,1,0,0,0,0,1,0,0,0,0,0,0,0,0,0,0,0,1,0,0,0,1,0,0,0,0,0,4,1,0,2,0,0,0,0,0,0,0,0,0,0,0,1,0,0,0,0,0,0
nyu_2451_34572.289,0,0,0,1,0,0,0,1,0,0,0,0,0,1,0,0,2,0,0,2,0,0,0,0,0,0,2,0,0,0,0,2,0,0,0,0,0,0,0,0,0,1,0,0,0,0,0,1,0,0,0,0,0,0,0,0,0,0,1,0,0,3,0,0,0,0,0,0,0,0,0,0,0,0,0,0,0,0,0,0,0,0,0,0,0,4,0,3,0,0,0,0
nyu_2451_34572.29,0,0,0,0,0,1,1,0,0,0,0,0,0,0,0,0,0,0,0,1,0,0,0,0,0,0,3,0,0,1,0,1,0,0,0,1,1,1,1,1,0,3,0,0,0,3,1,1,1,0,0,0,0,0,0,0,0,1,0,0,0,1,0,0,0,0,1,0,0,0,2,3,0,2,0,0,0,0,0,0,0,0,0,0,0,0,0,0,0,0,0,0
nyu_2451_34572.290,0,0,0,0,0,5,0,1,1,0,0,0,0,0,2,0,2,0,0,0,0,1,0,0,3,0,18,1,0,1,0,0,0,0,0,0,1,0,1,2,1,4,0,0,0,0,0,0,0,0,0,0,0,0,0,0,0,0,0,0,0,0,0,0,2,0,0,1,0,0,1,1,0,2,0,1,0,1,0,0,1,0,1,1,0,0,0,0,0,0,0,0
nyu_2451_34572.291,2,0,0,0,0,1,0,0,0,0,0,0,1,0,0,0,1,0,1,2,0,0,0,0,2,0,4,1,0,0,0,0,0,1,0,0,9,0,0,1,0,1,0,1,0,0,0,0,2,0,0,0,0,0,0,0,0,0,0,0,0,2,0,2,0,0,0,0,0,0,3,0,0,5,1,0,0,0,0,0,1,0,0,0,0,0,0,0,0,0,0,0
nyu_2451_34572.292,2,0,0,0,1,1,0,0,0,0,0,0,0,0,1,0,0,0,0,1,0,0,0,0,1,0,10,0,0,0,0,0,0,0,0,1,9,0,0,0,0,1,0,2,1,2,0,0,1,0,0,0,0,0,0,0,0,0,0,0,1,2,0,1,1,0,1,0,0,0,0,2,0,1,2,1,0,0,0,0,0,0,0,0,0,0,0,0,1,0,0,0
nyu_2451_34572.293,1,0,0,1,2,0,1,3,0,0,0,0,0,0,0,0,1,0,0,2,0,1,1,0,0,0,0,0,0,0,0,1,0,0,0,1,4,0,0,1,0,4,0,2,0,0,0,1,1,0,0,0,0,0,0,0,0,0,0,0,1,1,0,0,2,1,0,0,0,1,2,1,0,4,0,0,0,1,0,0,1,0,0,0,0,3,0,2,0,0,0,0
nyu_2451_34572.294,1,0,0,0,0,3,0,1,0,0,0,0,1,0,0,0,1,1,0,1,0,1,0,0,2,0,1,1,1,0,0,0,0,0,0,1,3,0,0,0,0,5,0,3,0,0,0,0,0,0,1,0,0,0,0,0,0,1,0,2,0,0,0,0,2,0,0,0,0,0,0,8,0,0,0,0,0,1,0,0,2,0,0,0,0,0,0,0,0,0,0,0
nyu_2451_34572.295,1,0,0,0,0,1,0,0,0,0,0,0,0,0,0,0,1,0,0,0,0,0,0,0,0,2,0,0,0,1,0,0,0,0,2,1,3,2,1,1,0,1,0,0,0,2,0,3,0,0,1,0,0,1,0,0,0,0,0,0,0,0,0,1,1,0,2,0,0,0,2,0,0,1,0,0,0,1,0,0,1,0,0,0,0,0,0,0,0,0,0,0
nyu_2451_34572.296,1,0,0,0,0,2,0,0,0,0,0,0,1,0,0,0,1,0,1,5,0,0,0,0,2,0,4,0,0,1,0,0,0,1,0,0,2,1,0,0,1,3,0,0,0,0,0,0,0,1,0,0,0,2,0,0,0,0,0,0,0,2,0,0,0,0,1,0,1,0,1,0,0,2,0,0,0,0,0,0,0,0,1,0,1,0,0,0,1,0,0,0
nyu_2451_34572.297,1,0,0,0,0,0,0,0,0,0,0,0,0,0,1,0,0,0,0,0,0,0,0,0,0,1,33,0,0,0,0,0,0,1,0,0,1,0,1,0,0,6,0,0,2,0,0,0,0,1,0,0,0,0,0,0,0,0,0,0,0,0,0,0,0,0,0,0,0,0,0,1,0,1,1,0,0,0,0,0,0,0,0,0,0,0,0,0,0,0,0,0
nyu_2451_34572.298,1,0,0,0,1,5,1,1,0,0,0,0,0,0,0,0,0,0,0,0,0,0,0,0,3,0,7,1,0,1,0,0,0,0,0,1,0,0,1,0,0,9,0,0,1,0,0,0,1,0,0,0,0,0,1,0,0,1,0,0,0,0,0,0,0,0,0,0,0,0,1,2,0,4,4,1,0,0,0,0,0,0,0,0,0,0,0,0,0,0,1,0
nyu_2451_34572.299,1,0,0,0,2,1,0,0,0,0,0,0,0,0,0,0,0,0,0,2,0,2,0,0,0,0,3,2,0,0,0,0,0,0,0,2,0,1,0,0,2,2,0,1,0,2,0,0,0,0,1,0,0,2,0,0,0,0,0,0,0,1,0,0,0,0,1,0,0,1,2,3,0,3,3,0,0,0,0,0,1,0,1,0,0,0,0,0,0,1,0,0
nyu_2451_34572.3,0,0,0,0,0,1,0,0,0,0,1,0,0,0,1,0,4,0,0,1,0,0,0,0,0,0,1,1,0,0,0,0,0,0,0,0,4,1,0,0,0,1,0,2,1,0,0,1,2,0,0,0,0,3,0,0,0,0,0,1,0,0,0,0,2,0,0,0,0,1,0,2,0,2,0,0,0,0,0,2,5,0,0,0,0,1,0,0,0,0,0,0
nyu_2451_34572.30,1,0,0,0,0,2,0,0,0,0,0,0,0,0,0,0,0,0,0,3,0,0,0,0,4,0,7,1,0,0,0,0,0,1,1,0,1,0,0,0,0,2,0,1,0,1,1,0,0,0,0,0,0,0,0,0,0,0,0,0,1,0,0,0,2,0,0,0,0,1,0,2,1,2,0,0,0,0,0,0,0,0,0,0,0,0,0,0,0,0,0,0
nyu_2451_34572.300,0,0,0,0,0,0,0,0,0,0,0,0,0,0,0,0,0,0,0,0,0,0,0,0,1,1,46,0,0,0,0,0,0,0,0,0,0,0,0,0,0,1,0,0,1,0,0,0,0,0,0,0,0,0,0,0,0,0,0,0,0,0,0,1,0,0,0,0,0,0,0,0,0,0,0,0,0,0,0,0,0,0,0,0,0,0,0,0,0,0,0,0
nyu_2451_34572.301,0,0,0,0,0,1,0,0,0,0,0,0,0,0,0,1,1,0,1,2,0,1,0,0,0,0,25,1,0,0,0,0,0,0,0,0,0,0,1,1,0,4,0,0,0,0,0,0,0,0,0,0,0,0,0,0,0,0,0,0,0,0,0,0,1,0,0,1,0,0,0,1,0,0,2,0,0,0,0,0,0,0,0,0,0,0,0,0,0,3,0,0
nyu_2451_34572.302,0,0,0,0,0,0,3,0,0,0,0,0,0,0,0,0,0,0,0,0,0,0,0,0,0,0,0,0,0,4,0,0,0,0,0,1,0,1,1,0,0,1,0,1,0,2,0,0,1,0,0,0,0,7,0,0,0,0,0,0,0,0,1,0,0,0,0,0,0,0,2,4,0,1,0,0,0,0,0,0,0,0,0,0,0,0,0,0,0,0,0,0
nyu_2451_34572.303,1,0,0,0,1,0,0,0,0,0,0,0,1,0,2,0,1,0,0,0,0,1,0,0,1,0,0,0,0,3,0,0,0,0,1,0,0,0,1,0,0,2,0,0,0,0,0,0,0,0,0,0,0,0,0,0,0,0,0,0,0,1,0,1,0,1,0,1,0,0,1,2,0,1,0,1,0,0,0,1,3,0,2,0,0,0,0,0,0,0,0,0
nyu_2451_34572.304,1,0,0,0,0,0,0,0,0,0,0,0,0,0,0,0,0,0,0,0,0,2,0,0,1,0,0,0,0,0,0,0,0,0,0,0,1,0,0,0,0,3,0,1,0,1,1,0,0,0,0,0,0,0,0,0,0,1,0,0,0,3,0,0,0,0,1,0,0,1,4,0,0,1,0,0,0,0,0,0,2,0,0,3,0,1,0,0,2,0,0,0
nyu_2451_34572.305,0,0,0,1,0,0,1,0,0,0,0,0,0,0,0,0,1,0,0,0,0,1,0,0,0,0,0,0,0,2,0,0,0,0,0,0,2,0,0,0,0,1,0,1,0,0,0,1,0,0,0,0,0,11,0,0,0,0,0,0,0,1,0,0,0,0,0,0,0,0,3,2,0,0,2,0,0,0,1,0,3,0,0,0,0,1,0,0,0,1,0,0
nyu_2451_34572.306,0,0,0,0,0,0,0,0,0,1,0,0,0,0,0,0,0,0,0,2,0,1,0,0,0,0,7,0,1,0,0,0,0,0,1,1,0,1,0,0,1,5,0,0,0,0,0,1,0,0,0,1,0,0,0,0,0,0,0,0,1,1,0,0,0,0,0,0,1,1,1,0,0,5,0,0,0,0,0,0,2,0,1,0,0,0,0,0,0,0,0,0
nyu_2451_34572.31,0,0,0,0,0,2,0,0,0,0,0,0,1,0,0,0,0,0,0,0,0,0,0,0,0,1,20,1,0,0,0,0,0,1,0,0,1,0,0,0,0,0,0,0,2,0,0,0,1,0,0,0,0,0,0,0,0,0,0,0,0,0,0,0,0,0,2,0,1,0,0,1,0,3,1,0,0,0,0,0,1,0,0,0,0,0,0,0,0,0,0,0
nyu_2451_34572.32,0,0,0,0,0,0,0,0,0,0,0,0,0,0,0,0,1,0,0,0,0,0,0,0,3,0,46,1,0,0,0,0,0,0,0,0,0,0,0,0,0,1,0,0,2,0,0,0,0,0,0,1,0,0,0,0,0,0,0,0,0,0,0,0,0,0,0,0,0,0,0,1,0,0,1,0,0,0,0,0,0,0,0,0,0,0,0,0,0,0,0,0
nyu_2451_34572.33,0,0,0,0,2,1,1,1,0,0,0,0,0,0,0,0,0,0,0,0,0,0,0,0,1,1,1,0,1,0,0,0,0,1,2,0,3,0,2,1,0,1,0,0,1,0,0,2,2,0,0,0,0,0,1,0,0,1,0,0,0,1,0,0,0,0,2,2,1,0,1,1,0,3,1,0,0,0,0,0,3,0,0,0,0,0,0,0,0,0,1,0
nyu_2451_34572.34,0,0,0,0,0,1,0,0,0,0,0,0,0,0,0,0,1,0,0,0,0,0,0,0,2,0,39,0,0,0,0,0,0,0,0,0,0,0,0,0,0,1,0,0,5,1,0,0,0,0,0,0,0,0,0,0,0,0,0,0,0,0,0,0,0,0,2,0,0,0,0,0,0,0,0,0,0,0,0,0,1,0,0,0,0,0,0,0,0,0,0,0
nyu_2451_34572.35,0,0,0,0,1,1,0,0,0,0,0,0,1,0,0,0,1,0,0,0,0,2,0,0,2,0,18,0,0,1,0,0,0,0,0,0,0,0,0,0,0,2,0,0,3,0,0,0,0,0,0,0,0,1,0,0,0,0,0,0,0,0,0,0,0,0,0,0,1,0,0,5,0,2,4,1,0,0,2,0,1,0,0,0,0,1,0,0,0,1,1,0
nyu_2451_34572.36,0,0,0,0,0,0,0,2,0,0,0,0,1,0,0,0,0,0,0,1,0,0,0,0,2,0,16,1,0,0,0,0,0,0,0,0,0,0,1,0,0,3,0,0,0,0,0,0,0,0,0,0,0,0,0,0,0,1,0,0,0,2,0,0,0,0,0,0,0,0,1,0,0,5,2,0,0,0,0,0,1,0,0,1,0,1,0,0,0,0,0,0
nyu_2451_34572.37,0,0,0,0,1,1,0,0,0,0,0,0,0,0,0,0,0,0,0,2,0,0,0,0,1,0,19,0,0,0,0,0,0,0,1,0,0,0,1,0,0,1,0,1,0,1,0,1,0,0,0,1,0,0,0,0,0,0,1,0,1,0,0,0,1,0,0,0,0,0,1,2,0,1,1,0,0,0,0,0,0,0,0,0,0,0,0,0,0,1,0,0
nyu_2451_34572.38,0,0,0,0,0,1,0,0,0,1,0,0,0,0,0,0,0,0,0,1,0,0,0,0,2,0,32,0,0,0,0,0,0,1,0,0,1,0,0,0,0,3,0,0,0,2,0,0,1,0,0,0,0,0,0,0,0,0,0,0,0,0,0,0,3,0,0,0,0,0,0,1,0,1,0,0,0,0,0,0,0,0,0,0,0,0,0,0,0,0,0,0
nyu_2451_34572.39,0,0,0,0,0,2,0,0,0,0,0,0,0,0,0,0,0,0,1,1,0,2,1,0,1,0,5,2,0,0,0,0,0,2,0,0,1,0,0,0,0,1,0,0,1,2,0,0,3,0,0,1,0,0,0,0,0,0,0,0,0,0,0,0,0,0,0,1,0,0,1,2,1,6,1,0,0,0,0,0,0,0,0,0,0,0,0,0,0,0,0,0
nyu_2451_34572.4,0,0,0,1,1,1,1,0,0,1,0,0,1,0,0,0,0,0,0,1,0,0,0,0,1,0,7,0,0,0,0,0,0,0,0,0,0,0,0,0,0,4,0,2,0,0,0,0,1,0,1,0,0,0,0,0,0,0,0,0,0,0,0,0,0,0,0,0,0,0,1,3,0,5,0,0,0,0,1,0,0,0,0,2,0,0,0,0,0,1,1,0
nyu_2451_34572.40,0,0,0,0,0,2,1,1,0,0,0,0,0,0,0,0,0,0,0,2,0,0,0,0,0,0,5,1,0,0,0,1,0,0,0,1,0,1,1,1,0,2,0,0,1,4,0,1,3,1,0,0,0,0,0,0,0,0,0,0,0,1,0,0,0,0,0,0,0,0,2,4,0,5,0,0,0,0,0,0,0,0,0,0,0,0,0,0,0,0,0,0
nyu_2451_34572.41,0,0,0,0,0,0,0,0,0,0,0,0,0,0,1,0,0,0,0,4,0,0,0,0,0,0,5,0,0,0,0,1,0,0,0,0,2,0,1,1,0,2,0,3,0,0,0,1,1,0,0,2,0,1,0,0,0,1,0,0,0,1,0,0,0,0,0,0,0,0,0,0,0,6,4,0,0,0,0,0,1,0,2,0,0,0,0,0,0,0,0,0
nyu_2451_34572.42,1,0,0,0,1,2,0,0,0,0,0,0,0,0,0,0,1,0,0,2,0,1,0,0,2,0,3,2,0,0,0,0,0,2,0,2,1,0,0,0,0,5,0,1,0,2,0,0,0,0,1,0,0,3,0,0,0,0,0,0,0,0,0,0,0,0,1,0,1,2,1,3,0,2,2,0,0,0,0,0,1,0,2,0,0,0,0,0,0,1,0,0
nyu_2451_34572.43,0,0,0,0,0,0,0,0,0,0,0,0,1,0,0,0,0,0,0,0,0,1,0,0,6,0,29,1,0,0,0,0,0,0,0,0,0,0,1,0,1,4,0,0,3,0,0,0,0,0,0,0,0,1,0,0,0,0,0,0,0,0,0,0,0,0,0,1,0,0,0,1,0,1,0,0,0,0,0,0,0,0,0,0,0,0,0,0,0,1,0,0
nyu_2451_34572.44,0,0,0,0,1,0,0,1,0,0,0,0,0,0,0,0,0,0,0,3,0,0,0,2,1,0,3,0,0,1,0,1,0,0,0,0,1,0,0,0,0,5,0,0,0,0,0,0,2,1,0,1,0,1,0,0,0,0,0,0,0,1,0,0,0,0,0,1,0,2,0,0,0,4,6,0,0,0,0,0,0,0,1,0,0,1,0,0,0,0,0,0
nyu_2451_34572.45,0,0,0,0,1,1,0,0,0,0,0,0,0,0,0,0,0,0,0,0,0,0,0,0,0,0,34,0,0,0,0,0,0,1,0,0,0,0,0,0,1,2,0,0,0,0,0,0,0,0,0,0,0,0,0,0,0,1,0,0,0,0,0,0,1,0,0,0,1,0,0,2,0,2,0,0,0,0,0,0,1,0,0,0,0,0,0,0,0,0,0,0
nyu_2451_34572.46,1,0,0,0,2,2,0,0,0,0,0,0,0,0,1,0,3,0,0,6,0,2,0,0,2,0,0,2,1,0,0,0,0,1,0,0,2,1,0,0,0,0,0,0,0,0,0,0,0,1,0,0,0,1,0,0,0,0,0,0,0,1,0,1,0,0,1,1,0,1,1,1,0,3,5,0,0,0,0,0,0,0,2,0,0,0,0,0,0,0,0,0
nyu_2451_34572.47,0,0,0,0,1,3,6,1,0,0,0,0,2,0,0,0,1,0,0,0,0,1,0,0,2,1,11,0,0,0,0,0,0,0,0,0,0,0,0,1,0,1,0,0,0,0,0,0,1,0,0,0,0,1,0,0,0,0,0,1,0,0,0,0,0,0,0,0,0,0,0,5,0,4,1,0,0,0,0,0,1,0,0,0,0,0,0,0,1,0,0,0
nyu_2451_34572.48,0,0,0,0,2,2,0,1,0,0,0,0,1,0,0,0,1,0,0,2,0,2,0,0,2,1,2,1,0,1,0,0,0,1,1,0,0,0,1,1,0,0,0,1,0,0,1,0,0,2,0,0,0,0,0,0,0,0,0,0,0,0,0,0,0,0,0,0,1,1,1,1,0,3,1,1,0,0,0,0,2,0,0,0,0,1,0,0,0,0,0,0
nyu_2451_34572.49,1,0,0,1,0,3,0,0,1,0,0,0,0,0,0,0,0,0,0,4,0,0,0,0,0,0,11,0,0,1,0,0,0,2,0,0,0,1,0,0,0,2,0,0,1,0,0,0,1,1,0,1,0,1,0,0,0,0,0,0,0,1,0,0,0,0,0,1,1,1,0,2,0,0,0,1,0,0,0,0,4,0,0,0,0,0,0,0,0,0,0,0
nyu_2451_34572.5,0,0,0,0,0,1,0,1,0,0,0,0,2,0,0,0,0,0,0,1,0,0,0,0,4,0,5,1,0,0,0,0,0,0,0,0,0,0,0,0,0,2,0,1,0,0,0,0,0,0,0,0,0,0,0,0,0,0,0,0,1,1,0,0,0,0,0,0,0,0,1,1,0,4,0,0,0,0,0,0,1,0,0,2,0,1,0,0,0,1,1,0
nyu_2451_34572.50,0,0,0,1,0,1,7,0,0,0,1,0,2,0,0,1,0,0,0,0,0,0,0,0,0,0,4,0,0,0,0,0,2,0,0,1,2,0,1,1,0,0,0,0,0,0,0,0,0,0,1,0,0,2,0,0,0,0,0,0,0,0,0,0,0,0,0,0,0,0,2,4,0,0,0,0,0,0,0,0,1,0,0,0,0,1,0,0,0,0,0,0
nyu_2451_34572.51,0,0,0,0,0,0,1,0,0,0,1,0,0,0,0,0,0,1,0,2,0,0,0,0,4,0,1,1,1,0,0,0,0,2,4,1,1,2,1,0,0,0,0,0,0,0,0,0,0,0,0,0,0,0,0,0,0,0,0,0,0,0,1,1,0,0,0,0,0,1,2,3,0,4,2,0,0,1,0,0,1,0,0,1,0,0,0,0,0,0,1,0
nyu_2451_34572.52,0,0,1,0,0,0,0,0,0,0,0,0,0,0,0,0,0,0,0,0,0,0,0,0,0,0,53,0,0,0,0,0,0,0,0,0,0,0,0,0,0,0,0,0,0,0,0,0,0,1,0,0,0,0,0,0,0,0,0,0,0,0,0,0,0,0,0,0,0,0,0,1,0,0,0,0,0,0,0,0,1,0,0,0,0,0,0,0,0,0,0,0
nyu_2451_34572.53,0,0,0,0,0,1,3,0,0,0,0,0,2,0,0,0,0,0,0,0,0,0,0,0,3,1,7,2,0,1,0,0,0,0,0,0,0,1,0,0,0,1,0,1,0,2,1,0,4,0,0,0,0,1,0,0,0,0,0,0,0,0,1,0,0,0,0,0,0,1,0,3,0,1,2,0,0,0,0,0,0,0,1,0,0,0,0,0,1,0,0,0
nyu_2451_34572.54,0,0,0,0,1,1,0,0,0,0,0,0,1,0,0,0,0,0,0,0,0,0,0,0,2,1,20,0,0,1,0,0,0,1,0,0,0,0,1,0,0,1,0,0,1,0,0,0,0,1,0,0,0,1,0,0,0,0,0,0,0,0,0,0,0,0,0,0,0,0,0,0,0,0,1,0,0,0,0,0,3,0,0,0,0,0,0,0,0,0,0,0
nyu_2451_34572.55,0,0,0,0,0,1,1,0,0,0,0,0,4,0,0,0,0,0,0,1,0,0,1,0,4,0,10,0,0,0,0,0,1,0,0,0,0,0,0,1,0,1,0,0,2,0,0,0,1,2,0,0,0,1,0,0,0,0,0,0,0,0,0,0,1,0,0,0,0,2,0,7,0,0,1,0,0,0,0,0,0,0,2,1,0,0,0,0,0,1,0,0
nyu_2451_34572.56,0,0,0,0,0,1,1,0,0,0,0,0,0,0,0,0,0,0,0,3,0,1,1,0,0,0,8,0,0,0,0,0,0,0,1,0,1,0,1,0,0,5,0,0,1,0,0,0,1,0,0,0,0,2,0,0,0,0,1,0,0,0,0,1,0,1,0,1,1,0,0,1,0,7,4,0,0,0,0,2,2,0,1,0,0,1,0,0,1,0,0,0
nyu_2451_34572.57,0,0,0,0,2,0,0,0,0,0,0,0,0,0,0,0,4,0,1,2,0,1,0,0,0,1,3,0,0,0,0,0,0,1,1,0,4,1,0,0,1,3,0,1,0,2,1,1,0,0,0,0,0,0,0,0,0,1,0,0,0,0,0,0,0,0,0,0,0,0,1,0,0,2,1,0,0,0,0,0,3,0,0,0,0,0,0,0,0,0,0,0
nyu_2451_34572.58,0,0,0,0,0,0,1,0,0,0,0,0,0,0,0,0,1,0,0,0,0,2,1,0,3,0,1,2,0,1,0,0,0,0,2,0,4,0,1,0,0,4,0,0,2,2,0,0,0,0,0,0,0,1,0,0,0,1,0,0,0,0,1,0,0,0,0,0,1,0,0,1,0,5,0,0,0,1,0,0,3,0,1,0,0,0,0,0,0,0,1,0
nyu_2451_34572.59,0,0,0,0,3,1,4,1,1,0,0,0,4,0,0,0,0,1,0,1,0,1,0,0,0,0,8,0,0,0,0,0,0,0,0,0,0,1,1,1,0,0,0,1,1,0,1,1,0,0,0,0,0,0,0,0,0,0,1,0,0,1,1,0,0,0,0,0,0,1,1,3,0,6,0,0,0,0,0,0,1,0,0,1,0,0,0,0,1,0,1,0
nyu_2451_34572.6,0,0,0,0,1,2,1,0,0,0,0,0,2,0,0,0,2,0,0,0,0,0,0,0,3,0,4,2,0,1,0,0,0,0,0,0,0,0,3,0,0,9,0,0,1,0,0,0,0,0,0,0,0,1,0,0,0,1,0,1,1,0,0,0,0,0,0,1,0,0,1,3,0,4,2,0,0,0,1,0,0,0,0,0,0,0,0,0,0,1,1,0
nyu_2451_34572.60,0,0,0,1,1,0,6,0,1,0,0,0,3,0,0,0,1,0,0,0,0,0,0,0,1,0,7,0,0,0,0,0,0,0,0,0,0,0,1,0,0,0,0,0,0,1,0,0,0,1,0,0,0,0,0,0,0,0,0,0,0,1,0,2,0,0,0,0,1,1,0,7,0,5,4,0,0,0,0,0,1,0,0,0,0,2,0,0,0,0,0,0
nyu_2451_34572.61,0,0,0,0,1,0,0,0,0,0,0,0,0,0,0,0,0,0,0,2,0,2,0,0,1,0,16,0,1,1,0,0,0,0,0,0,0,0,0,0,0,2,0,0,0,0,0,0,0,0,0,1,0,0,0,0,0,0,0,0,0,1,0,0,0,0,0,1,1,0,0,0,0,5,1,0,0,0,0,0,1,0,1,0,0,0,0,0,0,0,0,0
nyu_2451_34572.62,0,0,0,0,0,0,14,0,0,0,0,0,4,0,0,0,0,0,0,1,0,0,0,0,0,0,2,1,0,0,0,0,0,0,0,1,1,0,0,0,0,0,0,0,0,0,0,0,1,0,0,0,1,1,0,0,0,0,0,0,0,0,0,0,0,0,0,1,1,1,1,10,0,2,0,0,0,0,0,0,2,0,0,0,0,2,0,0,0,0,0,0
nyu_2451_34572.63,0,0,0,1,0,1,2,0,0,0,0,0,0,0,0,0,0,0,0,0,0,0,0,0,1,0,45,0,0,0,0,0,0,0,0,0,0,0,0,0,0,2,0,0,0,0,0,0,0,1,0,0,0,0,0,0,0,0,0,0,0,1,0,0,0,0,0,0,0,0,0,2,0,0,0,1,0,0,0,0,0,0,0,0,0,0,0,0,0,0,0,0
nyu_2451_34572.64,0,0,0,0,1,1,1,0,0,0,0,0,0,0,0,0,0,0,0,3,0,0,0,0,0,0,8,0,0,0,0,0,0,0,1,1,3,0,0,0,0,1,0,0,0,0,0,0,0,0,1,1,0,5,0,0,0,0,0,0,0,1,0,0,0,0,0,1,0,2,0,3,0,4,1,0,0,0,0,0,1,0,0,0,0,0,0,0,0,1,1,0
nyu_2451_34572.65,0,0,0,0,0,0,3,0,0,1,0,0,0,0,0,1,0,0,0,1,0,0,0,0,2,1,1,0,0,0,0,0,0,0,0,0,0,2,2,0,0,1,0,0,1,2,0,0,6,0,0,0,0,5,0,0,0,0,0,0,0,2,1,0,0,0,0,0,0,0,1,4,0,1,1,0,0,0,0,0,1,1,0,0,0,3,0,0,0,4,0,0
nyu_2451_34572.66,0,0,0,0,0,0,5,0,0,1,0,0,1,0,0,1,0,0,0,1,0,2,0,1,2,0,0,0,0,0,0,0,0,0,0,0,0,2,1,0,0,3,0,1,2,0,0,0,9,0,0,1,0,2,0,0,1,0,0,0,0,0,1,0,0,0,0,0,0,0,0,7,0,0,2,0,0,0,0,0,0,0,0,0,0,2,0,0,0,1,0,0
nyu_2451_34572.67,0,0,0,1,0,0,13,0,0,0,0,0,2,0,0,0,1,0,0,1,0,1,0,0,0,0,1,0,0,0,0,0,0,0,0,0,0,0,2,0,1,1,0,1,0,0,0,0,1,0,0,0,0,4,0,0,1,2,0,0,0,0,0,0,0,0,0,0,0,1,0,9,0,1,2,0,0,0,0,0,0,0,0,0,0,1,0,0,0,0,0,0
nyu_2451_34572.68,0,0,0,1,1,0,7,0,0,0,0,0,0,0,0,0,0,0,0,1,0,0,0,1,0,0,0,0,0,2,0,0,0,0,3,0,3,0,1,0,0,1,0,0,0,0,0,0,0,1,1,0,0,1,0,0,0,1,0,0,0,1,0,1,0,0,0,0,1,1,0,3,0,1,0,0,0,0,0,2,0,0,1,0,0,0,0,1,1,0,0,0
nyu_2451_34572.69,0,0,0,1,1,0,10,0,0,0,0,0,4,0,0,1,1,0,0,1,0,1,0,0,0,0,0,2,0,1,0,0,0,0,2,0,0,0,2,1,2,1,0,0,0,0,0,0,1,0,0,0,0,3,0,0,1,3,0,0,0,0,0,0,0,0,0,0,1,2,0,1,0,2,0,0,0,0,0,0,2,0,0,1,0,0,0,0,0,0,0,0
nyu_2451_34572.7,0,0,0,0,0,1,1,1,0,0,0,0,0,0,0,0,0,0,0,2,0,0,0,0,1,2,21,1,0,0,0,0,0,0,0,0,0,0,3,0,0,5,0,0,0,0,0,0,0,0,0,1,0,0,0,0,0,0,0,0,0,0,0,1,1,0,0,0,0,0,1,1,0,4,1,0,0,0,1,0,0,0,0,0,0,1,0,0,0,0,0,0
nyu_2451_34572.70,0,0,0,0,0,1,6,0,0,0,0,0,0,0,0,0,0,0,0,0,0,2,0,0,1,2,3,0,0,1,0,0,0,0,1,0,0,0,2,0,0,3,0,1,0,2,2,0,0,0,0,0,0,1,0,0,1,0,0,0,0,1,0,1,0,0,0,0,0,0,1,4,0,1,2,0,1,1,0,0,1,0,0,0,0,0,0,0,0,1,0,0
nyu_2451_34572.71,0,0,0,0,0,1,4,0,0,1,0,0,0,0,0,0,1,0,0,0,0,0,0,0,1,0,29,0,0,0,0,0,0,0,0,0,0,1,0,0,0,1,0,0,0,0,0,0,0,2,0,0,0,2,0,0,0,0,0,0,0,0,0,0,0,0,0,0,0,0,0,1,0,0,1,0,0,0,0,0,0,0,0,1,0,0,0,0,0,0,0,0
nyu_2451_34572.72,0,0,0,0,2,1,1,0,0,0,0,0,0,0,0,0,2,0,0,3,0,2,1,0,0,0,2,0,0,0,0,0,0,1,1,1,1,0,0,1,0,3,0,0,0,0,0,1,0,2,0,0,0,2,0,0,0,0,0,0,0,0,0,2,0,0,0,0,0,0,1,2,0,4,0,2,0,0,0,0,3,0,1,0,0,0,0,0,0,0,0,0
nyu_2451_34572.73,0,0,0,0,1,0,0,0,0,0,0,0,0,0,2,0,0,0,0,5,0,0,0,0,0,0,2,0,0,0,0,0,0,1,0,0,2,1,0,0,0,1,0,2,1,0,0,0,1,0,0,1,0,2,0,0,0,0,0,0,0,1,0,1,0,0,1,1,0,0,2,1,0,4,1,1,0,0,0,0,1,0,0,0,0,0,0,0,0,0,0,0
nyu_2451_34572.74,0,0,0,0,0,2,2,0,0,0,0,0,0,0,0,0,0,0,0,1,0,1,0,0,1,3,0,1,0,2,0,0,0,0,1,1,0,0,1,0,0,2,0,0,1,0,0,2,0,1,1,0,0,1,0,0,0,0,0,0,0,0,0,1,2,0,0,0,1,0,0,2,0,0,0,1,2,0,0,0,1,0,1,0,0,1,0,0,0,2,0,0
nyu_2451_34572.75,1,0,0,0,0,0,0,0,0,0,0,0,0,0,0,0,1,0,0,2,0,0,0,0,2,0,13,1,0,1,0,0,0,1,0,0,2,0,0,0,1,3,0,0,3,1,0,0,0,0,0,0,0,0,0,0,0,0,0,0,0,0,0,0,0,0,1,0,0,2,4,2,0,2,1,0,0,0,0,0,2,0,0,0,0,0,0,0,0,0,0,0
nyu_2451_34572.76,0,0,0,0,1,1,0,0,0,0,0,0,0,0,0,0,0,0,0,1,0,2,0,0,0,1,4,1,1,2,0,0,1,1,0,2,2,1,0,0,2,1,0,1,0,0,0,0,0,1,0,0,0,0,0,0,0,1,0,0,0,0,0,0,0,0,0,0,0,0,1,5,1,3,0,0,0,0,0,1,2,0,0,0,0,0,0,0,0,0,0,0
nyu_2451_34572.77,1,0,0,0,1,0,1,0,0,0,0,0,0,0,2,0,1,0,0,0,0,0,0,0,1,0,1,0,0,1,0,0,0,0,2,1,4,1,1,0,1,3,0,0,0,0,1,0,0,0,0,0,0,0,0,0,0,0,0,0,1,0,0,1,0,0,0,1,0,0,1,1,0,1,0,0,0,0,0,1,3,0,0,0,0,0,0,0,1,0,0,0
nyu_2451_34572.78,0,0,0,0,0,0,2,0,0,1,0,0,3,0,0,0,0,0,0,0,0,1,0,0,1,0,9,0,0,0,0,0,0,0,0,0,0,0,0,1,0,2,0,1,0,1,0,0,2,0,0,0,0,3,0,0,0,0,0,0,0,1,0,0,0,0,0,0,0,0,0,4,0,3,1,0,0,0,0,0,1,0,0,0,0,0,0,0,0,1,0,0
nyu_2451_34572.79,0,1,0,0,0,1,2,0,0,0,0,0,1,0,0,0,1,0,0,0,0,0,0,0,0,0,3,1,0,0,0,0,0,0,1,0,2,0,0,0,1,1,0,1,1,0,0,0,0,1,0,3,0,0,0,0,0,1,0,0,0,1,0,1,0,0,0,1,1,0,0,4,0,3,0,0,0,0,2,0,1,0,0,0,0,1,0,0,0,0,0,0
nyu_2451_34572.8,0,0,0,0,0,2,1,0,0,0,0,0,0,0,0,0,0,0,0,0,0,0,0,0,0,0,28,0,0,0,0,0,1,1,0,1,0,0,0,0,1,5,0,0,0,1,1,0,0,0,0,0,0,1,0,0,0,0,0,0,0,0,0,0,1,0,0,0,1,0,0,1,0,2,0,0,0,0,0,1,0,0,0,0,0,0,0,0,0,0,0,0
nyu_2451_34572.80,0,0,0,0,0,4,0,0,0,0,0,0,0,0,1,0,1,0,0,1,0,1,0,0,1,2,9,0,0,3,0,0,0,1,1,0,0,0,2,0,0,7,0,0,1,0,1,0,0,0,0,0,0,1,0,0,0,0,0,0,0,0,0,0,0,0,0,1,0,2,1,1,0,2,1,1,0,0,0,0,1,0,1,0,0,0,0,0,0,0,0,0
nyu_2451_34572.81,1,0,0,0,0,1,0,0,0,1,0,0,0,0,0,0,0,0,0,0,0,0,0,0,1,0,22,0,0,2,0,0,0,0,2,0,0,0,0,1,0,0,0,1,1,0,1,0,0,0,0,0,0,2,0,0,0,0,0,0,0,0,0,2,0,0,0,1,0,0,0,0,0,4,0,0,0,0,0,0,4,0,0,0,0,0,0,0,0,0,0,0
nyu_2451_34572.82,0,0,0,0,0,3,2,0,0,0,0,0,1,0,1,0,3,0,0,0,0,1,0,0,2,1,9,0,0,0,0,0,0,1,0,0,0,0,1,1,0,2,0,0,0,0,0,0,2,0,0,0,0,1,0,0,0,0,0,1,0,0,1,0,0,0,0,0,0,0,0,3,0,3,1,0,0,0,0,0,4,0,0,0,0,0,0,0,1,0,1,0
nyu_2451_34572.83,0,0,0,0,1,0,1,0,0,1,0,0,1,0,2,0,0,0,0,1,0,1,0,0,0,0,0,1,0,1,0,1,0,0,0,1,0,0,0,0,0,2,0,3,0,1,1,0,0,1,0,1,0,1,0,0,1,0,0,0,0,0,0,0,0,0,0,0,0,2,0,2,0,1,0,0,0,0,0,0,2,0,1,0,0,0,0,0,2,0,0,0
nyu_2451_34572.84,0,0,0,0,1,0,0,2,0,0,0,0,0,0,1,0,0,0,0,1,0,10,0,0,5,0,5,0,0,3,0,0,0,1,1,0,1,0,1,0,0,1,0,2,0,1,1,0,0,0,0,0,0,1,0,0,0,0,0,0,0,1,1,0,0,0,0,0,1,0,0,1,0,1,0,1,1,0,0,0,4,0,0,0,0,1,0,0,0,0,1,0
nyu_2451_34572.85,0,0,0,1,0,2,2,0,0,0,0,0,0,0,0,1,0,0,0,3,0,0,0,0,2,0,1,1,0,0,0,0,0,0,1,0,1,0,0,0,0,1,0,0,0,0,1,0,0,0,0,0,0,1,0,0,0,0,0,0,0,2,0,0,0,0,0,1,0,1,1,9,0,3,2,0,0,1,0,1,0,0,0,0,0,0,0,0,0,0,0,0
nyu_2451_34572.86,0,0,0,0,0,1,0,0,0,0,0,1,0,0,0,0,1,0,0,0,0,0,0,0,0,0,0,1,0,0,0,0,0,0,0,0,2,0,0,0,0,6,0,0,0,0,0,1,0,0,0,0,0,1,0,0,0,0,0,0,0,0,0,2,1,0,0,1,0,0,1,0,0,3,0,0,0,1,0,0,0,0,1,1,0,0,0,0,0,0,0,0
nyu_2451_34572.87,0,0,0,0,0,1,0,0,0,1,0,0,0,0,0,1,0,0,0,0,0,1,0,1,2,2,3,0,0,0,0,0,0,0,0,0,0,1,1,0,0,1,0,0,1,1,0,0,5,0,0,2,0,5,0,0,1,0,0,1,0,0,1,1,0,0,0,0,0,0,2,5,0,0,1,0,1,0,0,0,1,0,0,0,0,0,0,0,0,2,0,0
nyu_2451_34572.88,0,0,0,1,0,0,1,0,0,1,0,0,1,0,0,0,0,0,0,0,0,2,0,0,2,3,1,0,0,1,0,0,0,0,1,0,0,1,3,0,0,1,0,1,0,1,2,0,0,0,0,2,0,9,0,0,2,0,0,1,0,0,1,1,0,0,0,0,0,0,1,5,0,0,0,0,1,0,0,0,0,0,0,0,0,0,0,0,0,0,0,0
nyu_2451_34572.89,0,0,0,0,0,0,0,0,0,0,0,0,0,0,0,0,0,0,0,1,0,0,0,0,0,0,34,0,0,0,0,0,0,0,0,0,0,0,1,0,0,6,0,0,0,0,0,0,0,0,0,0,0,3,0,0,0,0,0,0,0,0,0,1,0,0,0,0,0,0,0,0,0,0,2,0,0,0,0,0,0,0,0,0,0,0,0,0,0,2,0,0
nyu_2451_34572.9,0,0,0,0,0,0,0,0,0,0,0,0,0,0,0,0,0,0,0,0,0,0,0,0,5,0,45,0,0,0,0,0,0,0,0,0,0,0,0,0,0,2,0,0,2,0,0,0,0,0,0,0,0,1,0,0,0,0,0,0,0,1,0,0,0,0,0,0,0,0,0,0,0,0,2,0,0,0,0,0,0,0,0,0,0,0,0,0,0,0,0,0
nyu_2451_34572.90,0,0,0,0,0,0,0,0,0,0,0,0,0,0,0,0,1,0,0,5,0,1,0,0,0,0,7,2,0,1,0,0,0,2,0,1,1,0,0,0,1,2,0,0,0,0,0,0,0,1,0,1,0,2,0,0,0,0,0,0,0,0,0,0,1,0,0,1,1,2,0,0,0,4,2,0,0,0,0,0,0,0,0,0,0,0,0,0,0,0,0,0
nyu_2451_34572.91,0,0,0,0,1,2,1,0,0,0,0,0,0,0,0,0,1,0,0,3,0,2,0,0,0,0,3,0,0,0,0,0,0,2,2,1,0,1,0,0,1,4,0,0,0,1,0,0,0,1,0,0,0,1,1,0,0,0,0,0,0,1,0,2,0,0,0,0,0,1,0,0,0,2,0,3,0,0,0,0,2,0,1,0,0,0,0,0,0,0,0,0
nyu_2451_34572.92,1,0,0,0,0,0,0,1,0,0,0,0,1,0,0,0,0,0,0,0,0,0,0,0,3,0,1,0,0,0,0,0,0,0,0,0,10,0,1,0,0,2,0,1,0,0,0,1,0,0,0,0,1,0,0,0,0,0,1,0,0,4,0,0,0,0,0,0,0,0,0,2,1,0,0,0,0,0,0,0,1,0,0,0,0,0,0,0,1,0,0,0
nyu_2451_34572.93,0,0,0,1,3,1,0,0,0,0,0,0,0,0,0,0,0,0,0,0,0,0,0,0,5,0,2,1,0,1,0,0,1,2,0,0,0,0,0,0,0,1,0,0,0,0,0,0,3,2,0,0,0,2,0,0,1,0,0,0,0,0,0,0,0,0,1,0,0,1,0,1,0,3,2,0,0,0,0,0,1,0,4,0,0,0,0,0,0,0,0,0
nyu_2451_34572.94,0,0,0,0,0,2,0,0,1,0,0,0,2,0,0,0,2,0,0,3,0,3,1,0,0,1,2,1,0,0,0,0,1,0,1,0,1,0,2,1,0,3,0,0,1,0,0,0,1,1,0,0,0,0,0,0,0,0,0,0,0,0,0,1,0,0,0,0,0,1,0,5,0,1,2,0,0,1,0,0,2,0,1,1,0,2,0,0,0,0,0,0
nyu_2451_34572.95,1,0,0,0,0,2,0,0,0,0,0,0,0,0,0,0,0,0,0,0,0,0,0,0,1,1,23,0,0,0,0,0,0,0,0,1,0,0,0,0,0,2,0,2,0,1,0,0,0,0,0,0,0,0,0,0,0,0,0,0,0,0,1,1,3,0,0,0,0,0,1,4,0,0,0,0,0,0,0,0,3,0,0,0,0,0,0,1,0,0,0,0
nyu_2451_34572.96,0,0,0,1,1,0,1,0,0,0,0,0,1,0,0,0,0,0,0,0,0,0,0,0,3,0,42,0,0,0,0,0,0,0,0,0,0,0,0,0,0,2,0,0,0,0,0,0,0,0,0,0,0,2,0,0,0,0,0,0,0,0,0,0,0,0,0,0,0,0,0,1,0,0,1,0,0,0,0,0,0,0,0,0,0,0,0,0,0,0,0,0
nyu_2451_34572.97,0,0,0,0,2,0,26,0,0,0,1,0,1,0,0,0,0,0,0,0,0,1,0,0,0,0,1,0,0,0,0,0,0,0,0,0,0,0,1,0,0,0,0,0,0,0,1,0,0,0,1,0,0,3,0,0,1,0,0,1,0,2,0,0,0,0,0,0,1,0,1,5,0,0,0,0,0,0,0,0,1,0,0,0,0,1,0,0,0,0,0,0
nyu_2451_34572.98,0,0,0,0,2,0,27,0,0,0,0,0,1,0,0,0,0,0,0,0,0,2,1,0,0,0,1,0,0,0,0,0,0,0,0,0,0,0,0,1,0,0,0,0,0,0,0,0,1,0,0,0,0,1,0,0,1,0,0,0,0,0,0,0,0,0,0,0,1,0,1,7,0,0,0,0,0,0,0,0,2,0,0,0,0,2,0,0,0,0,0,0
nyu_2451_34572.99,0,0,0,0,2,1,0,0,0,0,0,0,0,0,0,0,0,0,0,0,0,0,0,0,6,1,23,0,0,1,0,0,0,3,0,0,0,0,1,0,0,2,0,0,0,0,0,0,0,0,0,0,0,0,0,0,0,0,0,0,0,0,0,0,0,0,0,0,0,1,1,2,0,1,0,0,0,0,0,0,0,0,1,0,0,1,0,0,0,0,0,0
