,neighborhood,borough,coordinates,longitude,latitude
0,Wakefield,Bronx,"[-73.84720052054902, 40.89470517661]",-73.84720052054902,40.89470517661
1,Co-op City,Bronx,"[-73.82993910812398, 40.87429419303012]",-73.82993910812398,40.87429419303012
2,Eastchester,Bronx,"[-73.82780644716412, 40.887555677350775]",-73.82780644716412,40.887555677350775
3,Fieldston,Bronx,"[-73.90564259591682, 40.89543742690383]",-73.90564259591682,40.89543742690383
4,Riverdale,Bronx,"[-73.9125854610857, 40.890834493891305]",-73.9125854610857,40.890834493891305
5,Kingsbridge,Bronx,"[-73.90281798724604, 40.88168737120521]",-73.90281798724604,40.88168737120521
6,Marble Hill,Manhattan,"[-73.91065965862981, 40.87655077879964]",-73.91065965862981,40.87655077879964
7,Woodlawn,Bronx,"[-73.86731496814176, 40.89827261213805]",-73.86731496814176,40.89827261213805
8,Norwood,Bronx,"[-73.8793907395681, 40.87722415599446]",-73.8793907395681,40.87722415599446
9,Williamsbridge,Bronx,"[-73.85744642974207, 40.88103887819211]",-73.85744642974207,40.88103887819211
10,Baychester,Bronx,"[-73.83579759808117, 40.866858107252696]",-73.83579759808117,40.866858107252696
11,Pelham Parkway,Bronx,"[-73.85475564017999, 40.85741349808865]",-73.85475564017999,40.85741349808865
12,City Island,Bronx,"[-73.78648845267413, 40.84724670491813]",-73.78648845267413,40.84724670491813
13,Bedford Park,Bronx,"[-73.8855121841913, 40.870185164975325]",-73.8855121841913,40.870185164975325
14,University Heights,Bronx,"[-73.9104159619131, 40.85572707719664]",-73.9104159619131,40.85572707719664
15,Morris Heights,Bronx,"[-73.91967159119565, 40.84789792606271]",-73.91967159119565,40.84789792606271
16,Fordham,Bronx,"[-73.89642655981623, 40.86099679638654]",-73.89642655981623,40.86099679638654
17,East Tremont,Bronx,"[-73.88735617532338, 40.84269615786053]",-73.88735617532338,40.84269615786053
18,West Farms,Bronx,"[-73.87774474910545, 40.83947505672653]",-73.87774474910545,40.83947505672653
19,High  Bridge,Bronx,"[-73.9261020935813, 40.836623010706056]",-73.9261020935813,40.836623010706056
20,Melrose,Bronx,"[-73.90942160757436, 40.819754370594936]",-73.90942160757436,40.819754370594936
21,Mott Haven,Bronx,"[-73.91609987487575, 40.80623874935177]",-73.91609987487575,40.80623874935177
22,Port Morris,Bronx,"[-73.91322139386135, 40.801663627756206]",-73.91322139386135,40.801663627756206
23,Longwood,Bronx,"[-73.8957882009446, 40.81509904545822]",-73.8957882009446,40.81509904545822
24,Hunts Point,Bronx,"[-73.88331505955291, 40.80972987938709]",-73.88331505955291,40.80972987938709
25,Morrisania,Bronx,"[-73.90150648943059, 40.82359198585534]",-73.90150648943059,40.82359198585534
26,Soundview,Bronx,"[-73.86574609554924, 40.821012197914015]",-73.86574609554924,40.821012197914015
27,Clason Point,Bronx,"[-73.85414416189266, 40.80655112003589]",-73.85414416189266,40.80655112003589
28,Throgs Neck,Bronx,"[-73.81635002158441, 40.81510925804005]",-73.81635002158441,40.81510925804005
29,Country Club,Bronx,"[-73.8240992675385, 40.844245936947374]",-73.8240992675385,40.844245936947374
30,Parkchester,Bronx,"[-73.85600310535783, 40.837937822267286]",-73.85600310535783,40.837937822267286
31,Westchester Square,Bronx,"[-73.84219407604444, 40.8406194964327]",-73.84219407604444,40.8406194964327
32,Van Nest,Bronx,"[-73.8662991807561, 40.84360847124718]",-73.8662991807561,40.84360847124718
33,Morris Park,Bronx,"[-73.85040178030421, 40.847549063536334]",-73.85040178030421,40.847549063536334
34,Belmont,Bronx,"[-73.88845196134804, 40.85727710073895]",-73.88845196134804,40.85727710073895
35,Spuyten Duyvil,Bronx,"[-73.91719048210393, 40.88139497727086]",-73.91719048210393,40.88139497727086
36,North Riverdale,Bronx,"[-73.90453054908927, 40.90854282950666]",-73.90453054908927,40.90854282950666
37,Pelham Bay,Bronx,"[-73.8320737824047, 40.85064140940335]",-73.8320737824047,40.85064140940335
38,Schuylerville,Bronx,"[-73.82620275994073, 40.82657951686922]",-73.82620275994073,40.82657951686922
39,Edgewater Park,Bronx,"[-73.81388514428619, 40.821986118163494]",-73.81388514428619,40.821986118163494
40,Castle Hill,Bronx,"[-73.84802729582735, 40.819014376988314]",-73.84802729582735,40.819014376988314
41,Olinville,Bronx,"[-73.86332361652777, 40.87137078192371]",-73.86332361652777,40.87137078192371
42,Pelham Gardens,Bronx,"[-73.84161194831223, 40.86296562477998]",-73.84161194831223,40.86296562477998
43,Concourse,Bronx,"[-73.91558941773444, 40.83428380733851]",-73.91558941773444,40.83428380733851
44,Unionport,Bronx,"[-73.85053524451935, 40.82977429787161]",-73.85053524451935,40.82977429787161
45,Edenwald,Bronx,"[-73.84808271877168, 40.88456130303732]",-73.84808271877168,40.88456130303732
46,Bay Ridge,Brooklyn,"[-74.03062069353813, 40.625801065010656]",-74.03062069353813,40.625801065010656
47,Bensonhurst,Brooklyn,"[-73.99517998380729, 40.61100890202044]",-73.99517998380729,40.61100890202044
48,Sunset Park,Brooklyn,"[-74.01031618527784, 40.64510294925429]",-74.01031618527784,40.64510294925429
49,Greenpoint,Brooklyn,"[-73.95424093127393, 40.7302009848647]",-73.95424093127393,40.7302009848647
50,Gravesend,Brooklyn,"[-73.97347087708445, 40.59526001306593]",-73.97347087708445,40.59526001306593
51,Brighton Beach,Brooklyn,"[-73.96509448785336, 40.57682506566604]",-73.96509448785336,40.57682506566604
52,Sheepshead Bay,Brooklyn,"[-73.94318640482979, 40.58689012678384]",-73.94318640482979,40.58689012678384
53,Manhattan Terrace,Brooklyn,"[-73.95743840559939, 40.61443251335098]",-73.95743840559939,40.61443251335098
54,Flatbush,Brooklyn,"[-73.95840106533903, 40.63632589026677]",-73.95840106533903,40.63632589026677
55,Crown Heights,Brooklyn,"[-73.94329119073582, 40.67082917695294]",-73.94329119073582,40.67082917695294
56,East Flatbush,Brooklyn,"[-73.93610256185836, 40.64171776668961]",-73.93610256185836,40.64171776668961
57,Kensington,Brooklyn,"[-73.98042110559474, 40.642381958003526]",-73.98042110559474,40.642381958003526
58,Windsor Terrace,Brooklyn,"[-73.98007340430172, 40.65694583575104]",-73.98007340430172,40.65694583575104
59,Prospect Heights,Brooklyn,"[-73.9648592426269, 40.676822262254724]",-73.9648592426269,40.676822262254724
60,Brownsville,Brooklyn,"[-73.91023536176607, 40.66394994339755]",-73.91023536176607,40.66394994339755
61,Williamsburg,Brooklyn,"[-73.95811529220927, 40.70714439344251]",-73.95811529220927,40.70714439344251
62,Bushwick,Brooklyn,"[-73.92525797487045, 40.69811611017901]",-73.92525797487045,40.69811611017901
63,Bedford Stuyvesant,Brooklyn,"[-73.94178488690297, 40.687231607720456]",-73.94178488690297,40.687231607720456
64,Brooklyn Heights,Brooklyn,"[-73.99378225496424, 40.695863722724084]",-73.99378225496424,40.695863722724084
65,Cobble Hill,Brooklyn,"[-73.99856139218463, 40.687919722485574]",-73.99856139218463,40.687919722485574
66,Carroll Gardens,Brooklyn,"[-73.99465372828006, 40.680540231076485]",-73.99465372828006,40.680540231076485
67,Red Hook,Brooklyn,"[-74.0127589747356, 40.676253230250886]",-74.0127589747356,40.676253230250886
68,Gowanus,Brooklyn,"[-73.99444087145339, 40.673931143187154]",-73.99444087145339,40.673931143187154
69,Fort Greene,Brooklyn,"[-73.97290574369092, 40.68852726018977]",-73.97290574369092,40.68852726018977
70,Park Slope,Brooklyn,"[-73.97705030183924, 40.67232052268197]",-73.97705030183924,40.67232052268197
71,Cypress Hills,Brooklyn,"[-73.87661596457296, 40.68239101144211]",-73.87661596457296,40.68239101144211
72,East New York,Brooklyn,"[-73.88069863917366, 40.669925700847045]",-73.88069863917366,40.669925700847045
73,Starrett City,Brooklyn,"[-73.87936970045875, 40.64758905230874]",-73.87936970045875,40.64758905230874
74,Canarsie,Brooklyn,"[-73.90209269778966, 40.63556432797428]",-73.90209269778966,40.63556432797428
75,Flatlands,Brooklyn,"[-73.92911302644674, 40.630446043757466]",-73.92911302644674,40.630446043757466
76,Mill Island,Brooklyn,"[-73.90818571777423, 40.606336421685626]",-73.90818571777423,40.606336421685626
77,Manhattan Beach,Brooklyn,"[-73.94353722891886, 40.57791350308657]",-73.94353722891886,40.57791350308657
78,Coney Island,Brooklyn,"[-73.98868295821637, 40.57429256471601]",-73.98868295821637,40.57429256471601
79,Bath Beach,Brooklyn,"[-73.99875221443519, 40.59951870282238]",-73.99875221443519,40.59951870282238
80,Borough Park,Brooklyn,"[-73.99049823044811, 40.633130512758015]",-73.99049823044811,40.633130512758015
81,Dyker Heights,Brooklyn,"[-74.01931375636022, 40.619219457722636]",-74.01931375636022,40.619219457722636
82,Gerritsen Beach,Brooklyn,"[-73.93010170691196, 40.590848433902046]",-73.93010170691196,40.590848433902046
83,Marine Park,Brooklyn,"[-73.93134404108497, 40.609747779894604]",-73.93134404108497,40.609747779894604
84,Clinton Hill,Brooklyn,"[-73.96784306216367, 40.693229421881504]",-73.96784306216367,40.693229421881504
85,Sea Gate,Brooklyn,"[-74.0078731120024, 40.57637537890224]",-74.0078731120024,40.57637537890224
86,Downtown,Brooklyn,"[-73.98346337431099, 40.69084402109802]",-73.98346337431099,40.69084402109802
87,Boerum Hill,Brooklyn,"[-73.98374824115798, 40.685682912091444]",-73.98374824115798,40.685682912091444
88,Prospect Lefferts Gardens,Brooklyn,"[-73.95489867077713, 40.658420017469815]",-73.95489867077713,40.658420017469815
89,Ocean Hill,Brooklyn,"[-73.91306831787395, 40.678402554795355]",-73.91306831787395,40.678402554795355
90,City Line,Brooklyn,"[-73.86797598081334, 40.67856995727479]",-73.86797598081334,40.67856995727479
91,Bergen Beach,Brooklyn,"[-73.89855633630317, 40.61514955045308]",-73.89855633630317,40.61514955045308
92,Midwood,Brooklyn,"[-73.95759523489838, 40.62559589869843]",-73.95759523489838,40.62559589869843
93,Prospect Park South,Brooklyn,"[-73.96261316716048, 40.647008603185185]",-73.96261316716048,40.647008603185185
94,Georgetown,Brooklyn,"[-73.91607483951324, 40.62384524478419]",-73.91607483951324,40.62384524478419
95,East Williamsburg,Brooklyn,"[-73.93885815269195, 40.70849241041548]",-73.93885815269195,40.70849241041548
96,North Side,Brooklyn,"[-73.95880857587582, 40.714822906532014]",-73.95880857587582,40.714822906532014
97,South Side,Brooklyn,"[-73.95800095153331, 40.71086147265064]",-73.95800095153331,40.71086147265064
98,Ocean Parkway,Brooklyn,"[-73.96836678035541, 40.61305976667942]",-73.96836678035541,40.61305976667942
99,Fort Hamilton,Brooklyn,"[-74.03197914537984, 40.61476812694226]",-74.03197914537984,40.61476812694226
100,Chinatown,Manhattan,"[-73.99427936255978, 40.71561842231432]",-73.99427936255978,40.71561842231432
101,Washington Heights,Manhattan,"[-73.93690027985234, 40.85190252555305]",-73.93690027985234,40.85190252555305
102,Inwood,Manhattan,"[-73.92121042203897, 40.86768396449915]",-73.92121042203897,40.86768396449915
103,Hamilton Heights,Manhattan,"[-73.94968791883366, 40.823604284811935]",-73.94968791883366,40.823604284811935
104,Manhattanville,Manhattan,"[-73.9573853935188, 40.8169344294978]",-73.9573853935188,40.8169344294978
105,Central Harlem,Manhattan,"[-73.94321112603905, 40.81597606742414]",-73.94321112603905,40.81597606742414
106,East Harlem,Manhattan,"[-73.94418223148524, 40.79224946663033]",-73.94418223148524,40.79224946663033
107,Upper East Side,Manhattan,"[-73.96050763135, 40.775638573301805]",-73.96050763135,40.775638573301805
108,Yorkville,Manhattan,"[-73.94711784471826, 40.775929849884875]",-73.94711784471826,40.775929849884875
109,Lenox Hill,Manhattan,"[-73.9588596881376, 40.76811265828733]",-73.9588596881376,40.76811265828733
110,Roosevelt Island,Manhattan,"[-73.94916769227953, 40.76215960576283]",-73.94916769227953,40.76215960576283
111,Upper West Side,Manhattan,"[-73.97705923630603, 40.787657998534854]",-73.97705923630603,40.787657998534854
112,Lincoln Square,Manhattan,"[-73.98533777001262, 40.77352888942166]",-73.98533777001262,40.77352888942166
113,Clinton,Manhattan,"[-73.99611936309479, 40.75910089146212]",-73.99611936309479,40.75910089146212
114,Midtown,Manhattan,"[-73.98166882730304, 40.75469110270623]",-73.98166882730304,40.75469110270623
115,Murray Hill,Manhattan,"[-73.97833207924127, 40.748303077252174]",-73.97833207924127,40.748303077252174
116,Chelsea,Manhattan,"[-74.00311633472813, 40.744034706747975]",-74.00311633472813,40.744034706747975
117,Greenwich Village,Manhattan,"[-73.99991402945902, 40.72693288536128]",-73.99991402945902,40.72693288536128
118,East Village,Manhattan,"[-73.98222616506416, 40.727846777270244]",-73.98222616506416,40.727846777270244
119,Lower East Side,Manhattan,"[-73.98089031999291, 40.71780674892765]",-73.98089031999291,40.71780674892765
120,Tribeca,Manhattan,"[-74.01068328559087, 40.721521967443216]",-74.01068328559087,40.721521967443216
121,Little Italy,Manhattan,"[-73.99730467208073, 40.71932379395907]",-73.99730467208073,40.71932379395907
122,Soho,Manhattan,"[-74.00065666959759, 40.72218384131794]",-74.00065666959759,40.72218384131794
123,West Village,Manhattan,"[-74.00617998126812, 40.73443393572434]",-74.00617998126812,40.73443393572434
124,Manhattan Valley,Manhattan,"[-73.96428617740655, 40.797307041702865]",-73.96428617740655,40.797307041702865
125,Morningside Heights,Manhattan,"[-73.96389627905332, 40.807999738165826]",-73.96389627905332,40.807999738165826
126,Gramercy,Manhattan,"[-73.98137594833541, 40.737209832715]",-73.98137594833541,40.737209832715
127,Battery Park City,Manhattan,"[-74.01686930508617, 40.71193198394565]",-74.01686930508617,40.71193198394565
128,Financial District,Manhattan,"[-74.0106654452127, 40.70710710727048]",-74.0106654452127,40.70710710727048
129,Astoria,Queens,"[-73.91565374304234, 40.76850859335492]",-73.91565374304234,40.76850859335492
130,Woodside,Queens,"[-73.90184166838284, 40.74634908860222]",-73.90184166838284,40.74634908860222
131,Jackson Heights,Queens,"[-73.88282109164365, 40.75198138007367]",-73.88282109164365,40.75198138007367
132,Elmhurst,Queens,"[-73.88165622288388, 40.744048505122024]",-73.88165622288388,40.744048505122024
133,Howard Beach,Queens,"[-73.8381376460028, 40.65422527738487]",-73.8381376460028,40.65422527738487
134,Corona,Queens,"[-73.85682497345258, 40.74238175015667]",-73.85682497345258,40.74238175015667
135,Forest Hills,Queens,"[-73.84447500788983, 40.72526378216503]",-73.84447500788983,40.72526378216503
136,Kew Gardens,Queens,"[-73.82981905825703, 40.7051790354148]",-73.82981905825703,40.7051790354148
137,Richmond Hill,Queens,"[-73.83183321446887, 40.69794731471763]",-73.83183321446887,40.69794731471763
138,Flushing,Queens,"[-73.83177300329582, 40.76445419697846]",-73.83177300329582,40.76445419697846
139,Long Island City,Queens,"[-73.93920223915505, 40.75021734610528]",-73.93920223915505,40.75021734610528
140,Sunnyside,Queens,"[-73.92691617561577, 40.74017628351924]",-73.92691617561577,40.74017628351924
141,East Elmhurst,Queens,"[-73.86704147658772, 40.76407323883091]",-73.86704147658772,40.76407323883091
142,Maspeth,Queens,"[-73.89621713626859, 40.725427374093606]",-73.89621713626859,40.725427374093606
143,Ridgewood,Queens,"[-73.90143517559589, 40.70832315613858]",-73.90143517559589,40.70832315613858
144,Glendale,Queens,"[-73.87074167435605, 40.70276242967838]",-73.87074167435605,40.70276242967838
145,Rego Park,Queens,"[-73.8578268690537, 40.72897409480735]",-73.8578268690537,40.72897409480735
146,Woodhaven,Queens,"[-73.8581104655432, 40.68988687915789]",-73.8581104655432,40.68988687915789
147,Ozone Park,Queens,"[-73.84320266173447, 40.680708468265415]",-73.84320266173447,40.680708468265415
148,South Ozone Park,Queens,"[-73.80986478649041, 40.66854957767195]",-73.80986478649041,40.66854957767195
149,College Point,Queens,"[-73.84304528896125, 40.784902749260205]",-73.84304528896125,40.784902749260205
150,Whitestone,Queens,"[-73.81420216610863, 40.78129076602694]",-73.81420216610863,40.78129076602694
151,Bayside,Queens,"[-73.7742736306867, 40.76604063281064]",-73.7742736306867,40.76604063281064
152,Auburndale,Queens,"[-73.79176243728061, 40.76172954903262]",-73.79176243728061,40.76172954903262
153,Little Neck,Queens,"[-73.7388977558074, 40.7708261928267]",-73.7388977558074,40.7708261928267
154,Douglaston,Queens,"[-73.7424982072733, 40.76684609790763]",-73.7424982072733,40.76684609790763
155,Glen Oaks,Queens,"[-73.71548118999145, 40.74944079974332]",-73.71548118999145,40.74944079974332
156,Bellerose,Queens,"[-73.72012814826903, 40.72857318176675]",-73.72012814826903,40.72857318176675
157,Kew Gardens Hills,Queens,"[-73.82087764933566, 40.722578244228046]",-73.82087764933566,40.722578244228046
158,Fresh Meadows,Queens,"[-73.78271337003264, 40.7343944653313]",-73.78271337003264,40.7343944653313
159,Briarwood,Queens,"[-73.81174822458634, 40.71093547252271]",-73.81174822458634,40.71093547252271
160,Jamaica Center,Queens,"[-73.79690165888289, 40.70465736068717]",-73.79690165888289,40.70465736068717
161,Oakland Gardens,Queens,"[-73.75494976234332, 40.74561857141855]",-73.75494976234332,40.74561857141855
162,Queens Village,Queens,"[-73.73871484578424, 40.718893092167356]",-73.73871484578424,40.718893092167356
163,Hollis,Queens,"[-73.75925009335594, 40.71124344191904]",-73.75925009335594,40.71124344191904
164,South Jamaica,Queens,"[-73.7904261313554, 40.696911253789885]",-73.7904261313554,40.696911253789885
165,St. Albans,Queens,"[-73.75867603727717, 40.69444538522359]",-73.75867603727717,40.69444538522359
166,Rochdale,Queens,"[-73.77258787620906, 40.67521139591733]",-73.77258787620906,40.67521139591733
167,Springfield Gardens,Queens,"[-73.76042092682287, 40.666230490368584]",-73.76042092682287,40.666230490368584
168,Cambria Heights,Queens,"[-73.73526873708026, 40.692774639160845]",-73.73526873708026,40.692774639160845
169,Rosedale,Queens,"[-73.73526079428278, 40.659816433428084]",-73.73526079428278,40.659816433428084
170,Far Rockaway,Queens,"[-73.75497968043872, 40.603134432500894]",-73.75497968043872,40.603134432500894
171,Broad Channel,Queens,"[-73.8200548911032, 40.60302658351238]",-73.8200548911032,40.60302658351238
172,Breezy Point,Queens,"[-73.92551196994168, 40.55740128845452]",-73.92551196994168,40.55740128845452
173,Steinway,Queens,"[-73.90228960391673, 40.775923015642896]",-73.90228960391673,40.775923015642896
174,Beechhurst,Queens,"[-73.80436451720988, 40.79278140360048]",-73.80436451720988,40.79278140360048
175,Bay Terrace,Queens,"[-73.7768022262158, 40.782842806245554]",-73.7768022262158,40.782842806245554
176,Edgemere,Queens,"[-73.77613282391705, 40.595641807368494]",-73.77613282391705,40.595641807368494
177,Arverne,Queens,"[-73.79199233136943, 40.58914394372971]",-73.79199233136943,40.58914394372971
178,Rockaway Beach,Queens,"[-73.82236121088751, 40.582801696845586]",-73.82236121088751,40.582801696845586
179,Neponsit,Queens,"[-73.85754672410827, 40.572036730217015]",-73.85754672410827,40.572036730217015
180,Murray Hill,Queens,"[-73.81276269135866, 40.764126122614066]",-73.81276269135866,40.764126122614066
181,Floral Park,Queens,"[-73.70884705889246, 40.741378421945434]",-73.70884705889246,40.741378421945434
182,Holliswood,Queens,"[-73.76714166714729, 40.7209572076444]",-73.76714166714729,40.7209572076444
183,Jamaica Estates,Queens,"[-73.7872269693666, 40.71680483014613]",-73.7872269693666,40.71680483014613
184,Queensboro Hill,Queens,"[-73.82580915110559, 40.7445723092867]",-73.82580915110559,40.7445723092867
185,Hillcrest,Queens,"[-73.79760300912672, 40.723824901829204]",-73.79760300912672,40.723824901829204
186,Ravenswood,Queens,"[-73.93157506072878, 40.761704526054146]",-73.93157506072878,40.761704526054146
187,Lindenwood,Queens,"[-73.84963782402441, 40.66391841925139]",-73.84963782402441,40.66391841925139
188,Laurelton,Queens,"[-73.74025607989822, 40.66788389660247]",-73.74025607989822,40.66788389660247
189,Lefrak City,Queens,"[-73.8625247141374, 40.736074570830795]",-73.8625247141374,40.736074570830795
190,Belle Harbor,Queens,"[-73.8540175039252, 40.57615556543109]",-73.8540175039252,40.57615556543109
191,Rockaway Park,Queens,"[-73.84153370226186, 40.58034295646131]",-73.84153370226186,40.58034295646131
192,Somerville,Queens,"[-73.79664750844047, 40.59771061565768]",-73.79664750844047,40.59771061565768
193,Brookville,Queens,"[-73.75175310731153, 40.66000322733613]",-73.75175310731153,40.66000322733613
194,Bellaire,Queens,"[-73.73889198912481, 40.73301404027834]",-73.73889198912481,40.73301404027834
195,North Corona,Queens,"[-73.85751790676447, 40.7540709990489]",-73.85751790676447,40.7540709990489
196,Forest Hills Gardens,Queens,"[-73.8410221123401, 40.7146110815117]",-73.8410221123401,40.7146110815117
197,St. George,Staten Island,"[-74.07935312512797, 40.6449815710044]",-74.07935312512797,40.6449815710044
198,New Brighton,Staten Island,"[-74.08701650516625, 40.64061455913511]",-74.08701650516625,40.64061455913511
199,Stapleton,Staten Island,"[-74.07790192660066, 40.62692762538176]",-74.07790192660066,40.62692762538176
200,Rosebank,Staten Island,"[-74.06980526716141, 40.61530494652761]",-74.06980526716141,40.61530494652761
201,West Brighton,Staten Island,"[-74.1071817826561, 40.63187892654607]",-74.1071817826561,40.63187892654607
202,Grymes Hill,Staten Island,"[-74.08724819983729, 40.624184791313006]",-74.08724819983729,40.624184791313006
203,Todt Hill,Staten Island,"[-74.1113288180088, 40.59706851814673]",-74.1113288180088,40.59706851814673
204,South Beach,Staten Island,"[-74.0795529253982, 40.58024741350956]",-74.0795529253982,40.58024741350956
205,Port Richmond,Staten Island,"[-74.12943426797008, 40.63366930554365]",-74.12943426797008,40.63366930554365
206,Mariner's Harbor,Staten Island,"[-74.15008537046981, 40.632546390481124]",-74.15008537046981,40.632546390481124
207,Port Ivory,Staten Island,"[-74.17464532993542, 40.63968297845542]",-74.17464532993542,40.63968297845542
208,Castleton Corners,Staten Island,"[-74.11918058534842, 40.61333593766742]",-74.11918058534842,40.61333593766742
209,New Springville,Staten Island,"[-74.16496031329827, 40.594252379161695]",-74.16496031329827,40.594252379161695
210,Travis,Staten Island,"[-74.19073717538116, 40.58631375103281]",-74.19073717538116,40.58631375103281
211,New Dorp,Staten Island,"[-74.1164794360638, 40.57257231820632]",-74.1164794360638,40.57257231820632
212,Oakwood,Staten Island,"[-74.12156593771896, 40.5584622432888]",-74.12156593771896,40.5584622432888
213,Great Kills,Staten Island,"[-74.14932381490992, 40.549480228713605]",-74.14932381490992,40.549480228713605
214,Eltingville,Staten Island,"[-74.1643308041936, 40.542230747450745]",-74.1643308041936,40.542230747450745
215,Annadale,Staten Island,"[-74.17854866165878, 40.53811417474507]",-74.17854866165878,40.53811417474507
216,Woodrow,Staten Island,"[-74.20524582480326, 40.541967622888755]",-74.20524582480326,40.541967622888755
217,Tottenville,Staten Island,"[-74.24656934235283, 40.50533376115642]",-74.24656934235283,40.50533376115642
218,Tompkinsville,Staten Island,"[-74.08055351790115, 40.637316067110326]",-74.08055351790115,40.637316067110326
219,Silver Lake,Staten Island,"[-74.09629029235458, 40.61919310792676]",-74.09629029235458,40.61919310792676
220,Sunnyside,Staten Island,"[-74.0971255217853, 40.61276015756489]",-74.0971255217853,40.61276015756489
221,Ditmas Park,Brooklyn,"[-73.96101312466779, 40.643675183340974]",-73.96101312466779,40.643675183340974
222,Wingate,Brooklyn,"[-73.93718680559314, 40.66094656188111]",-73.93718680559314,40.66094656188111
223,Rugby,Brooklyn,"[-73.92688212616955, 40.655572313280764]",-73.92688212616955,40.655572313280764
224,Park Hill,Staten Island,"[-74.08015734936296, 40.60919044434558]",-74.08015734936296,40.60919044434558
225,Westerleigh,Staten Island,"[-74.13304143951704, 40.62109047275409]",-74.13304143951704,40.62109047275409
226,Graniteville,Staten Island,"[-74.15315246387762, 40.620171512231884]",-74.15315246387762,40.620171512231884
227,Arlington,Staten Island,"[-74.16510420241124, 40.63532509911492]",-74.16510420241124,40.63532509911492
228,Arrochar,Staten Island,"[-74.06712363225574, 40.596312571276734]",-74.06712363225574,40.596312571276734
229,Grasmere,Staten Island,"[-74.0766743627905, 40.59826835959991]",-74.0766743627905,40.59826835959991
230,Old Town,Staten Island,"[-74.08751118005578, 40.59632891379513]",-74.08751118005578,40.59632891379513
231,Dongan Hills,Staten Island,"[-74.09639905312521, 40.588672948199275]",-74.09639905312521,40.588672948199275
232,Midland Beach,Staten Island,"[-74.09348266303591, 40.57352690574283]",-74.09348266303591,40.57352690574283
233,Grant City,Staten Island,"[-74.10585598545434, 40.57621558711788]",-74.10585598545434,40.57621558711788
234,New Dorp Beach,Staten Island,"[-74.10432707469124, 40.56425549307335]",-74.10432707469124,40.56425549307335
235,Bay Terrace,Staten Island,"[-74.13916622175768, 40.55398800858462]",-74.13916622175768,40.55398800858462
236,Huguenot,Staten Island,"[-74.19174105747814, 40.531911920489605]",-74.19174105747814,40.531911920489605
237,Pleasant Plains,Staten Island,"[-74.21983106616777, 40.524699376118136]",-74.21983106616777,40.524699376118136
238,Butler Manor,Staten Island,"[-74.22950350260027, 40.50608165346305]",-74.22950350260027,40.50608165346305
239,Charleston,Staten Island,"[-74.23215775896526, 40.53053148283314]",-74.23215775896526,40.53053148283314
240,Rossville,Staten Island,"[-74.21572851113952, 40.54940400650072]",-74.21572851113952,40.54940400650072
241,Arden Heights,Staten Island,"[-74.18588674583893, 40.54928582278321]",-74.18588674583893,40.54928582278321
242,Greenridge,Staten Island,"[-74.17079414786092, 40.555295236173194]",-74.17079414786092,40.555295236173194
243,Heartland Village,Staten Island,"[-74.15902208156601, 40.58913894875281]",-74.15902208156601,40.58913894875281
244,Chelsea,Staten Island,"[-74.1895604551969, 40.59472602746295]",-74.1895604551969,40.59472602746295
245,Bloomfield,Staten Island,"[-74.18725638381567, 40.60577868452358]",-74.18725638381567,40.60577868452358
246,Bulls Head,Staten Island,"[-74.15940948657122, 40.6095918004203]",-74.15940948657122,40.6095918004203
247,Carnegie Hill,Manhattan,"[-73.95325646837112, 40.7826825671257]",-73.95325646837112,40.7826825671257
248,Noho,Manhattan,"[-73.98843368023597, 40.72325901885768]",-73.98843368023597,40.72325901885768
249,Civic Center,Manhattan,"[-74.00541529873355, 40.71522892046282]",-74.00541529873355,40.71522892046282
250,Midtown South,Manhattan,"[-73.98871313285247, 40.7485096643122]",-73.98871313285247,40.7485096643122
251,Richmond Town,Staten Island,"[-74.1340572986257, 40.56960594275505]",-74.1340572986257,40.56960594275505
252,Shore Acres,Staten Island,"[-74.06667766061771, 40.60971934079284]",-74.06667766061771,40.60971934079284
253,Clifton,Staten Island,"[-74.072642445484, 40.61917845202843]",-74.072642445484,40.61917845202843
254,Concord,Staten Island,"[-74.08402364740358, 40.6044731896879]",-74.08402364740358,40.6044731896879
255,Emerson Hill,Staten Island,"[-74.09776206972522, 40.606794394801]",-74.09776206972522,40.606794394801
256,Randall Manor,Staten Island,"[-74.09805062373887, 40.63563000681151]",-74.09805062373887,40.63563000681151
257,Howland Hook,Staten Island,"[-74.18622331749823, 40.63843283794795]",-74.18622331749823,40.63843283794795
258,Elm Park,Staten Island,"[-74.1418167896889, 40.630146741193826]",-74.1418167896889,40.630146741193826
259,Remsen Village,Brooklyn,"[-73.91665331978048, 40.652117451793494]",-73.91665331978048,40.652117451793494
260,New Lots,Brooklyn,"[-73.88511776379292, 40.6627442796966]",-73.88511776379292,40.6627442796966
261,Paerdegat Basin,Brooklyn,"[-73.90233474295836, 40.63131755039667]",-73.90233474295836,40.63131755039667
262,Mill Basin,Brooklyn,"[-73.91515391550404, 40.61597423962336]",-73.91515391550404,40.61597423962336
263,Jamaica Hills,Queens,"[-73.79646462081593, 40.71145964370482]",-73.79646462081593,40.71145964370482
264,Utopia,Queens,"[-73.79671678028349, 40.73350025429757]",-73.79671678028349,40.73350025429757
265,Pomonok,Queens,"[-73.80486120040537, 40.73493618075478]",-73.80486120040537,40.73493618075478
266,Astoria Heights,Queens,"[-73.89467996270574, 40.7703173929982]",-73.89467996270574,40.7703173929982
267,Claremont Village,Bronx,"[-73.90119903387667, 40.83142834161548]",-73.90119903387667,40.83142834161548
268,Concourse Village,Bronx,"[-73.91584652759009, 40.824780490842905]",-73.91584652759009,40.824780490842905
269,Mount Eden,Bronx,"[-73.91655551964419, 40.84382617671654]",-73.91655551964419,40.84382617671654
270,Mount Hope,Bronx,"[-73.90829930881988, 40.84884160724665]",-73.90829930881988,40.84884160724665
271,Sutton Place,Manhattan,"[-73.96355614094303, 40.76028033131374]",-73.96355614094303,40.76028033131374
272,Hunters Point,Queens,"[-73.95386782130745, 40.743414090073536]",-73.95386782130745,40.743414090073536
273,Turtle Bay,Manhattan,"[-73.96770824581834, 40.75204236950722]",-73.96770824581834,40.75204236950722
274,Tudor City,Manhattan,"[-73.97121928722265, 40.746917410740195]",-73.97121928722265,40.746917410740195
275,Stuyvesant Town,Manhattan,"[-73.97405170469203, 40.73099955477061]",-73.97405170469203,40.73099955477061
276,Flatiron,Manhattan,"[-73.9909471052826, 40.739673047638426]",-73.9909471052826,40.739673047638426
277,Sunnyside Gardens,Queens,"[-73.91819286431682, 40.74565180608076]",-73.91819286431682,40.74565180608076
278,Blissville,Queens,"[-73.93244235260178, 40.73725071694497]",-73.93244235260178,40.73725071694497
279,Fulton Ferry,Brooklyn,"[-73.99550751888415, 40.70328109093014]",-73.99550751888415,40.70328109093014
280,Vinegar Hill,Brooklyn,"[-73.98111603592393, 40.70332149882874]",-73.98111603592393,40.70332149882874
281,Weeksville,Brooklyn,"[-73.93053108817338, 40.67503986503237]",-73.93053108817338,40.67503986503237
282,Broadway Junction,Brooklyn,"[-73.90331684852599, 40.67786104769531]",-73.90331684852599,40.67786104769531
283,Dumbo,Brooklyn,"[-73.9887528074504, 40.70317632822692]",-73.9887528074504,40.70317632822692
284,Manor Heights,Staten Island,"[-74.12059399718001, 40.60180957631444]",-74.12059399718001,40.60180957631444
285,Willowbrook,Staten Island,"[-74.13208447484298, 40.60370692627371]",-74.13208447484298,40.60370692627371
286,Sandy Ground,Staten Island,"[-74.21776636068567, 40.541139922091766]",-74.21776636068567,40.541139922091766
287,Egbertville,Staten Island,"[-74.12727240604946, 40.579118742961214]",-74.12727240604946,40.579118742961214
288,Roxbury,Queens,"[-73.89213760232822, 40.56737588957032]",-73.89213760232822,40.56737588957032
289,Homecrest,Brooklyn,"[-73.95918459428702, 40.598525095137255]",-73.95918459428702,40.598525095137255
290,Middle Village,Queens,"[-73.88114319200604, 40.716414511158185]",-73.88114319200604,40.716414511158185
291,Prince's Bay,Staten Island,"[-74.20152556457658, 40.52626406734812]",-74.20152556457658,40.52626406734812
292,Lighthouse Hill,Staten Island,"[-74.13792663771568, 40.57650629379489]",-74.13792663771568,40.57650629379489
293,Richmond Valley,Staten Island,"[-74.22957080626941, 40.51954145748909]",-74.22957080626941,40.51954145748909
294,Malba,Queens,"[-73.82667757138641, 40.79060155670148]",-73.82667757138641,40.79060155670148
295,Highland Park,Brooklyn,"[-73.890345709872, 40.6819989345173]",-73.890345709872,40.6819989345173
296,Madison,Brooklyn,"[-73.94841515328893, 40.60937770113766]",-73.94841515328893,40.60937770113766
297,Bronxdale,Bronx,"[-73.86172577555115, 40.85272297633017]",-73.86172577555115,40.85272297633017
298,Allerton,Bronx,"[-73.85931863221647, 40.86578787802982]",-73.85931863221647,40.86578787802982
299,Kingsbridge Heights,Bronx,"[-73.90152264513144, 40.8703923914147]",-73.90152264513144,40.8703923914147
300,Erasmus,Brooklyn,"[-73.94817709920184, 40.64692606658579]",-73.94817709920184,40.64692606658579
301,Hudson Yards,Manhattan,"[-74.00011136202637, 40.75665808227519]",-74.00011136202637,40.75665808227519
302,Hammels,Queens,"[-73.80553002968718, 40.58733774018741]",-73.80553002968718,40.58733774018741
303,Bayswater,Queens,"[-73.76596781445627, 40.611321691283834]",-73.76596781445627,40.611321691283834
304,Queensbridge,Queens,"[-73.94563070334091, 40.756091297094706]",-73.94563070334091,40.756091297094706
305,Fox Hills,Staten Island,"[-74.08173992211962, 40.61731079252983]",-74.08173992211962,40.61731079252983
